Workbook

Sheet Dashboard
E2: WPU Roster Dashboard
E4: Wayside Power Upgrade (BHP) | who is where, who is travelling, and NPI bookings still open
C7: ="Snapshot "&TEXT(Settings!C8,"ddd dd mmm yyyy")&" | Company: "&D9&" | Crew: "&J9&" | "&Calc!B14&" people in view"&IF(ISNUMBER(Settings!C9),""," | DATE NOT ON ROSTER")
C9: Company | D9: All | I9: Crew | J9: All | P9: Date | T9: blank = today
C11: ON SITE | H11: TRAVELLING IN | M11: TRAVELLING OUT | R11: NPI BOOKINGS PENDING | W11: ACCESS / QUALS GAPS
C12: =Calc!B2 | H12: =Calc!B3 | M12: =Calc!B4 | R12: =Calc!B15 | W12: =Calc!B16
C14: =Calc!B5&" on R&R | "&Calc!B6&" on leave" | H14: ="next 14 days: "&SUM(Calc!I2:I15)&" in" | M14: ="next 14 days: "&SUM(Calc!J2:J15)&" out" | R14: ="next 14 days | "&Calc!B17&" not yet submitted" | W14: people not fully set up (ERMS / LMS / access / quals)
C16: WHO IS WHERE - BY CAMP | P16: STATUS ON THE DAY
C39: BEDS NEEDED - WEEKLY PEAK TO DEC 2027 (WHOLE ROSTER) | P39: TRAVEL - NEXT 4 WEEKS
C61: TRAVEL - NEXT 14 DAYS | P61: NPI BOOKINGS PENDING - NEXT 14 DAYS
C62: Name | G62: Travel | L62: Date | N62: In/Out | P62: Name | T62: Roster entry | W62: Date | Y62: Status
C63: =IF(Calc!$AP2="","",INDEX('Roster Summary'!$C$31:$C$180,Calc!$AP2)) | G63: =IF(Calc!$AP2="","",INDEX(Grid!$F$3:$S$152,Calc!$AP2,Calc!$AO2+1)) | L63: =IF(Calc!$AP2="","",INDEX(Grid!$F$2:$S$2,Calc!$AO2+1)) | N63: =IF(Calc!$AP2="","",IF(INDEX(Grid!$AI$3:$AV$152,Calc!$AP2,Calc!$AO2+1)="Travel in","IN","OUT")) | P63: =IF(Calc!$AT2="","",INDEX('INPUT - Bookings'!$B$5:$B$1504,Calc!$AT2)) | T63: =IF(Calc!$AT2="","",INDEX('INPUT - Bookings'!$F$5:$F$1504,Calc!$AT2)) | W63: =IF(Calc!$AT2="","",INDEX('INPUT - Bookings'!$E$5:$E$1504,Calc!$AT2)) | Y63: =IF(Calc!$AT2="","",INDEX('INPUT - Bookings'!$G$5:$G$1504,Calc!$AT2))
C64: =IF(Calc!$AP3="","",INDEX('Roster Summary'!$C$31:$C$180,Calc!$AP3)) | G64: =IF(Calc!$AP3="","",INDEX(Grid!$F$3:$S$152,Calc!$AP3,Calc!$AO3+1)) | L64: =IF(Calc!$AP3="","",INDEX(Grid!$F$2:$S$2,Calc!$AO3+1)) | N64: =IF(Calc!$AP3="","",IF(INDEX(Grid!$AI$3:$AV$152,Calc!$AP3,Calc!$AO3+1)="Travel in","IN","OUT")) | P64: =IF(Calc!$AT3="","",INDEX('INPUT - Bookings'!$B$5:$B$1504,Calc!$AT3)) | T64: =IF(Calc!$AT3="","",INDEX('INPUT - Bookings'!$F$5:$F$1504,Calc!$AT3)) | W64: =IF(Calc!$AT3="","",INDEX('INPUT - Bookings'!$E$5:$E$1504,Calc!$AT3)) | Y64: =IF(Calc!$AT3="","",INDEX('INPUT - Bookings'!$G$5:$G$1504,Calc!$AT3))
C65: =IF(Calc!$AP4="","",INDEX('Roster Summary'!$C$31:$C$180,Calc!$AP4)) | G65: =IF(Calc!$AP4="","",INDEX(Grid!$F$3:$S$152,Calc!$AP4,Calc!$AO4+1)) | L65: =IF(Calc!$AP4="","",INDEX(Grid!$F$2:$S$2,Calc!$AO4+1)) | N65: =IF(Calc!$AP4="","",IF(INDEX(Grid!$AI$3:$AV$152,Calc!$AP4,Calc!$AO4+1)="Travel in","IN","OUT")) | P65: =IF(Calc!$AT4="","",INDEX('INPUT - Bookings'!$B$5:$B$1504,Calc!$AT4)) | T65: =IF(Calc!$AT4="","",INDEX('INPUT - Bookings'!$F$5:$F$1504,Calc!$AT4)) | W65: =IF(Calc!$AT4="","",INDEX('INPUT - Bookings'!$E$5:$E$1504,Calc!$AT4)) | Y65: =IF(Calc!$AT4="","",INDEX('INPUT - Bookings'!$G$5:$G$1504,Calc!$AT4))
C66: =IF(Calc!$AP5="","",INDEX('Roster Summary'!$C$31:$C$180,Calc!$AP5)) | G66: =IF(Calc!$AP5="","",INDEX(Grid!$F$3:$S$152,Calc!$AP5,Calc!$AO5+1)) | L66: =IF(Calc!$AP5="","",INDEX(Grid!$F$2:$S$2,Calc!$AO5+1)) | N66: =IF(Calc!$AP5="","",IF(INDEX(Grid!$AI$3:$AV$152,Calc!$AP5,Calc!$AO5+1)="Travel in","IN","OUT")) | P66: =IF(Calc!$AT5="","",INDEX('INPUT - Bookings'!$B$5:$B$1504,Calc!$AT5)) | T66: =IF(Calc!$AT5="","",INDEX('INPUT - Bookings'!$F$5:$F$1504,Calc!$AT5)) | W66: =IF(Calc!$AT5="","",INDEX('INPUT - Bookings'!$E$5:$E$1504,Calc!$AT5)) | Y66: =IF(Calc!$AT5="","",INDEX('INPUT - Bookings'!$G$5:$G$1504,Calc!$AT5))
C67: =IF(Calc!$AP6="","",INDEX('Roster Summary'!$C$31:$C$180,Calc!$AP6)) | G67: =IF(Calc!$AP6="","",INDEX(Grid!$F$3:$S$152,Calc!$AP6,Calc!$AO6+1)) | L67: =IF(Calc!$AP6="","",INDEX(Grid!$F$2:$S$2,Calc!$AO6+1)) | N67: =IF(Calc!$AP6="","",IF(INDEX(Grid!$AI$3:$AV$152,Calc!$AP6,Calc!$AO6+1)="Travel in","IN","OUT")) | P67: =IF(Calc!$AT6="","",INDEX('INPUT - Bookings'!$B$5:$B$1504,Calc!$AT6)) | T67: =IF(Calc!$AT6="","",INDEX('INPUT - Bookings'!$F$5:$F$1504,Calc!$AT6)) | W67: =IF(Calc!$AT6="","",INDEX('INPUT - Bookings'!$E$5:$E$1504,Calc!$AT6)) | Y67: =IF(Calc!$AT6="","",INDEX('INPUT - Bookings'!$G$5:$G$1504,Calc!$AT6))
C68: =IF(Calc!$AP7="","",INDEX('Roster Summary'!$C$31:$C$180,Calc!$AP7)) | G68: =IF(Calc!$AP7="","",INDEX(Grid!$F$3:$S$152,Calc!$AP7,Calc!$AO7+1)) | L68: =IF(Calc!$AP7="","",INDEX(Grid!$F$2:$S$2,Calc!$AO7+1)) | N68: =IF(Calc!$AP7="","",IF(INDEX(Grid!$AI$3:$AV$152,Calc!$AP7,Calc!$AO7+1)="Travel in","IN","OUT")) | P68: =IF(Calc!$AT7="","",INDEX('INPUT - Bookings'!$B$5:$B$1504,Calc!$AT7)) | T68: =IF(Calc!$AT7="","",INDEX('INPUT - Bookings'!$F$5:$F$1504,Calc!$AT7)) | W68: =IF(Calc!$AT7="","",INDEX('INPUT - Bookings'!$E$5:$E$1504,Calc!$AT7)) | Y68: =IF(Calc!$AT7="","",INDEX('INPUT - Bookings'!$G$5:$G$1504,Calc!$AT7))
C69: =IF(Calc!$AP8="","",INDEX('Roster Summary'!$C$31:$C$180,Calc!$AP8)) | G69: =IF(Calc!$AP8="","",INDEX(Grid!$F$3:$S$152,Calc!$AP8,Calc!$AO8+1)) | L69: =IF(Calc!$AP8="","",INDEX(Grid!$F$2:$S$2,Calc!$AO8+1)) | N69: =IF(Calc!$AP8="","",IF(INDEX(Grid!$AI$3:$AV$152,Calc!$AP8,Calc!$AO8+1)="Travel in","IN","OUT")) | P69: =IF(Calc!$AT8="","",INDEX('INPUT - Bookings'!$B$5:$B$1504,Calc!$AT8)) | T69: =IF(Calc!$AT8="","",INDEX('INPUT - Bookings'!$F$5:$F$1504,Calc!$AT8)) | W69: =IF(Calc!$AT8="","",INDEX('INPUT - Bookings'!$E$5:$E$1504,Calc!$AT8)) | Y69: =IF(Calc!$AT8="","",INDEX('INPUT - Bookings'!$G$5:$G$1504,Calc!$AT8))
C70: =IF(Calc!$AP9="","",INDEX('Roster Summary'!$C$31:$C$180,Calc!$AP9)) | G70: =IF(Calc!$AP9="","",INDEX(Grid!$F$3:$S$152,Calc!$AP9,Calc!$AO9+1)) | L70: =IF(Calc!$AP9="","",INDEX(Grid!$F$2:$S$2,Calc!$AO9+1)) | N70: =IF(Calc!$AP9="","",IF(INDEX(Grid!$AI$3:$AV$152,Calc!$AP9,Calc!$AO9+1)="Travel in","IN","OUT")) | P70: =IF(Calc!$AT9="","",INDEX('INPUT - Bookings'!$B$5:$B$1504,Calc!$AT9)) | T70: =IF(Calc!$AT9="","",INDEX('INPUT - Bookings'!$F$5:$F$1504,Calc!$AT9)) | W70: =IF(Calc!$AT9="","",INDEX('INPUT - Bookings'!$E$5:$E$1504,Calc!$AT9)) | Y70: =IF(Calc!$AT9="","",INDEX('INPUT - Bookings'!$G$5:$G$1504,Calc!$AT9))
C71: =IF(Calc!$AP10="","",INDEX('Roster Summary'!$C$31:$C$180,Calc!$AP10)) | G71: =IF(Calc!$AP10="","",INDEX(Grid!$F$3:$S$152,Calc!$AP10,Calc!$AO10+1)) | L71: =IF(Calc!$AP10="","",INDEX(Grid!$F$2:$S$2,Calc!$AO10+1)) | N71: =IF(Calc!$AP10="","",IF(INDEX(Grid!$AI$3:$AV$152,Calc!$AP10,Calc!$AO10+1)="Travel in","IN","OUT")) | P71: =IF(Calc!$AT10="","",INDEX('INPUT - Bookings'!$B$5:$B$1504,Calc!$AT10)) | T71: =IF(Calc!$AT10="","",INDEX('INPUT - Bookings'!$F$5:$F$1504,Calc!$AT10)) | W71: =IF(Calc!$AT10="","",INDEX('INPUT - Bookings'!$E$5:$E$1504,Calc!$AT10)) | Y71: =IF(Calc!$AT10="","",INDEX('INPUT - Bookings'!$G$5:$G$1504,Calc!$AT10))
C72: =IF(Calc!$AP11="","",INDEX('Roster Summary'!$C$31:$C$180,Calc!$AP11)) | G72: =IF(Calc!$AP11="","",INDEX(Grid!$F$3:$S$152,Calc!$AP11,Calc!$AO11+1)) | L72: =IF(Calc!$AP11="","",INDEX(Grid!$F$2:$S$2,Calc!$AO11+1)) | N72: =IF(Calc!$AP11="","",IF(INDEX(Grid!$AI$3:$AV$152,Calc!$AP11,Calc!$AO11+1)="Travel in","IN","OUT")) | P72: =IF(Calc!$AT11="","",INDEX('INPUT - Bookings'!$B$5:$B$1504,Calc!$AT11)) | T72: =IF(Calc!$AT11="","",INDEX('INPUT - Bookings'!$F$5:$F$1504,Calc!$AT11)) | W72: =IF(Calc!$AT11="","",INDEX('INPUT - Bookings'!$E$5:$E$1504,Calc!$AT11)) | Y72: =IF(Calc!$AT11="","",INDEX('INPUT - Bookings'!$G$5:$G$1504,Calc!$AT11))
C73: =IF(Calc!$AP12="","",INDEX('Roster Summary'!$C$31:$C$180,Calc!$AP12)) | G73: =IF(Calc!$AP12="","",INDEX(Grid!$F$3:$S$152,Calc!$AP12,Calc!$AO12+1)) | L73: =IF(Calc!$AP12="","",INDEX(Grid!$F$2:$S$2,Calc!$AO12+1)) | N73: =IF(Calc!$AP12="","",IF(INDEX(Grid!$AI$3:$AV$152,Calc!$AP12,Calc!$AO12+1)="Travel in","IN","OUT")) | P73: =IF(Calc!$AT12="","",INDEX('INPUT - Bookings'!$B$5:$B$1504,Calc!$AT12)) | T73: =IF(Calc!$AT12="","",INDEX('INPUT - Bookings'!$F$5:$F$1504,Calc!$AT12)) | W73: =IF(Calc!$AT12="","",INDEX('INPUT - Bookings'!$E$5:$E$1504,Calc!$AT12)) | Y73: =IF(Calc!$AT12="","",INDEX('INPUT - Bookings'!$G$5:$G$1504,Calc!$AT12))
C74: =IF(Calc!$AP13="","",INDEX('Roster Summary'!$C$31:$C$180,Calc!$AP13)) | G74: =IF(Calc!$AP13="","",INDEX(Grid!$F$3:$S$152,Calc!$AP13,Calc!$AO13+1)) | L74: =IF(Calc!$AP13="","",INDEX(Grid!$F$2:$S$2,Calc!$AO13+1)) | N74: =IF(Calc!$AP13="","",IF(INDEX(Grid!$AI$3:$AV$152,Calc!$AP13,Calc!$AO13+1)="Travel in","IN","OUT")) | P74: =IF(Calc!$AT13="","",INDEX('INPUT - Bookings'!$B$5:$B$1504,Calc!$AT13)) | T74: =IF(Calc!$AT13="","",INDEX('INPUT - Bookings'!$F$5:$F$1504,Calc!$AT13)) | W74: =IF(Calc!$AT13="","",INDEX('INPUT - Bookings'!$E$5:$E$1504,Calc!$AT13)) | Y74: =IF(Calc!$AT13="","",INDEX('INPUT - Bookings'!$G$5:$G$1504,Calc!$AT13))
C76: Inputs: 'INPUT - Roster' and 'INPUT - Bookings' only. Roster text is read through the code dictionary on Settings. Roster Summary, Camp Summary and Who's Where give the detail behind every number.

Sheet Roster Summary
B1: WPU Roster Summary
B2: ="Wayside Power Upgrade (BHP 2026) | Snapshot "&TEXT(Settings!$C$8,"dddd dd mmmm yyyy")&" | change the date on the Dashboard"
B4: CREW TOTALS - HEADCOUNT ON THE SNAPSHOT DATE
C5: Crew | D5: Crew size | E5: On site | F5: Travelling | G5: Off site | H5: Names on site
C6: =IFERROR(INDEX(Index!$C$2:$C$202,MATCH(1,Index!$F$2:$F$202,0)),"") | D6: =IF(C6="","",COUNTIF($E$31:$E$180,C6)) | E6: =IF(C6="","",COUNTIFS($E$31:$E$180,C6,$O$31:$O$180,"On site")) | F6: =IF(C6="","",COUNTIFS($E$31:$E$180,C6,$O$31:$O$180,"Travel in")+COUNTIFS($E$31:$E$180,C6,$O$31:$O$180,"Travel out")) | G6: =IF(C6="","",D6-E6-F6) | H6: {=IF(C6="","",_xlfn.TEXTJOIN(", ",TRUE,IF(($E$31:$E$180=C6)*($O$31:$O$180="On site"),$C$31:$C$180,"")))}
C7: =IFERROR(INDEX(Index!$C$2:$C$202,MATCH(2,Index!$F$2:$F$202,0)),"") | D7: =IF(C7="","",COUNTIF($E$31:$E$180,C7)) | E7: =IF(C7="","",COUNTIFS($E$31:$E$180,C7,$O$31:$O$180,"On site")) | F7: =IF(C7="","",COUNTIFS($E$31:$E$180,C7,$O$31:$O$180,"Travel in")+COUNTIFS($E$31:$E$180,C7,$O$31:$O$180,"Travel out")) | G7: =IF(C7="","",D7-E7-F7) | H7: {=IF(C7="","",_xlfn.TEXTJOIN(", ",TRUE,IF(($E$31:$E$180=C7)*($O$31:$O$180="On site"),$C$31:$C$180,"")))}
C8: =IFERROR(INDEX(Index!$C$2:$C$202,MATCH(3,Index!$F$2:$F$202,0)),"") | D8: =IF(C8="","",COUNTIF($E$31:$E$180,C8)) | E8: =IF(C8="","",COUNTIFS($E$31:$E$180,C8,$O$31:$O$180,"On site")) | F8: =IF(C8="","",COUNTIFS($E$31:$E$180,C8,$O$31:$O$180,"Travel in")+COUNTIFS($E$31:$E$180,C8,$O$31:$O$180,"Travel out")) | G8: =IF(C8="","",D8-E8-F8) | H8: {=IF(C8="","",_xlfn.TEXTJOIN(", ",TRUE,IF(($E$31:$E$180=C8)*($O$31:$O$180="On site"),$C$31:$C$180,"")))}
C9: =IFERROR(INDEX(Index!$C$2:$C$202,MATCH(4,Index!$F$2:$F$202,0)),"") | D9: =IF(C9="","",COUNTIF($E$31:$E$180,C9)) | E9: =IF(C9="","",COUNTIFS($E$31:$E$180,C9,$O$31:$O$180,"On site")) | F9: =IF(C9="","",COUNTIFS($E$31:$E$180,C9,$O$31:$O$180,"Travel in")+COUNTIFS($E$31:$E$180,C9,$O$31:$O$180,"Travel out")) | G9: =IF(C9="","",D9-E9-F9) | H9: {=IF(C9="","",_xlfn.TEXTJOIN(", ",TRUE,IF(($E$31:$E$180=C9)*($O$31:$O$180="On site"),$C$31:$C$180,"")))}
C10: =IFERROR(INDEX(Index!$C$2:$C$202,MATCH(5,Index!$F$2:$F$202,0)),"") | D10: =IF(C10="","",COUNTIF($E$31:$E$180,C10)) | E10: =IF(C10="","",COUNTIFS($E$31:$E$180,C10,$O$31:$O$180,"On site")) | F10: =IF(C10="","",COUNTIFS($E$31:$E$180,C10,$O$31:$O$180,"Travel in")+COUNTIFS($E$31:$E$180,C10,$O$31:$O$180,"Travel out")) | G10: =IF(C10="","",D10-E10-F10) | H10: {=IF(C10="","",_xlfn.TEXTJOIN(", ",TRUE,IF(($E$31:$E$180=C10)*($O$31:$O$180="On site"),$C$31:$C$180,"")))}
C11: =IFERROR(INDEX(Index!$C$2:$C$202,MATCH(6,Index!$F$2:$F$202,0)),"") | D11: =IF(C11="","",COUNTIF($E$31:$E$180,C11)) | E11: =IF(C11="","",COUNTIFS($E$31:$E$180,C11,$O$31:$O$180,"On site")) | F11: =IF(C11="","",COUNTIFS($E$31:$E$180,C11,$O$31:$O$180,"Travel in")+COUNTIFS($E$31:$E$180,C11,$O$31:$O$180,"Travel out")) | G11: =IF(C11="","",D11-E11-F11) | H11: {=IF(C11="","",_xlfn.TEXTJOIN(", ",TRUE,IF(($E$31:$E$180=C11)*($O$31:$O$180="On site"),$C$31:$C$180,"")))}
C12: =IFERROR(INDEX(Index!$C$2:$C$202,MATCH(7,Index!$F$2:$F$202,0)),"") | D12: =IF(C12="","",COUNTIF($E$31:$E$180,C12)) | E12: =IF(C12="","",COUNTIFS($E$31:$E$180,C12,$O$31:$O$180,"On site")) | F12: =IF(C12="","",COUNTIFS($E$31:$E$180,C12,$O$31:$O$180,"Travel in")+COUNTIFS($E$31:$E$180,C12,$O$31:$O$180,"Travel out")) | G12: =IF(C12="","",D12-E12-F12) | H12: {=IF(C12="","",_xlfn.TEXTJOIN(", ",TRUE,IF(($E$31:$E$180=C12)*($O$31:$O$180="On site"),$C$31:$C$180,"")))}
C13: =IFERROR(INDEX(Index!$C$2:$C$202,MATCH(8,Index!$F$2:$F$202,0)),"") | D13: =IF(C13="","",COUNTIF($E$31:$E$180,C13)) | E13: =IF(C13="","",COUNTIFS($E$31:$E$180,C13,$O$31:$O$180,"On site")) | F13: =IF(C13="","",COUNTIFS($E$31:$E$180,C13,$O$31:$O$180,"Travel in")+COUNTIFS($E$31:$E$180,C13,$O$31:$O$180,"Travel out")) | G13: =IF(C13="","",D13-E13-F13) | H13: {=IF(C13="","",_xlfn.TEXTJOIN(", ",TRUE,IF(($E$31:$E$180=C13)*($O$31:$O$180="On site"),$C$31:$C$180,"")))}
C14: =IFERROR(INDEX(Index!$C$2:$C$202,MATCH(9,Index!$F$2:$F$202,0)),"") | D14: =IF(C14="","",COUNTIF($E$31:$E$180,C14)) | E14: =IF(C14="","",COUNTIFS($E$31:$E$180,C14,$O$31:$O$180,"On site")) | F14: =IF(C14="","",COUNTIFS($E$31:$E$180,C14,$O$31:$O$180,"Travel in")+COUNTIFS($E$31:$E$180,C14,$O$31:$O$180,"Travel out")) | G14: =IF(C14="","",D14-E14-F14) | H14: {=IF(C14="","",_xlfn.TEXTJOIN(", ",TRUE,IF(($E$31:$E$180=C14)*($O$31:$O$180="On site"),$C$31:$C$180,"")))}
C15: =IFERROR(INDEX(Index!$C$2:$C$202,MATCH(10,Index!$F$2:$F$202,0)),"") | D15: =IF(C15="","",COUNTIF($E$31:$E$180,C15)) | E15: =IF(C15="","",COUNTIFS($E$31:$E$180,C15,$O$31:$O$180,"On site")) | F15: =IF(C15="","",COUNTIFS($E$31:$E$180,C15,$O$31:$O$180,"Travel in")+COUNTIFS($E$31:$E$180,C15,$O$31:$O$180,"Travel out")) | G15: =IF(C15="","",D15-E15-F15) | H15: {=IF(C15="","",_xlfn.TEXTJOIN(", ",TRUE,IF(($E$31:$E$180=C15)*($O$31:$O$180="On site"),$C$31:$C$180,"")))}
C16: =IFERROR(INDEX(Index!$C$2:$C$202,MATCH(11,Index!$F$2:$F$202,0)),"") | D16: =IF(C16="","",COUNTIF($E$31:$E$180,C16)) | E16: =IF(C16="","",COUNTIFS($E$31:$E$180,C16,$O$31:$O$180,"On site")) | F16: =IF(C16="","",COUNTIFS($E$31:$E$180,C16,$O$31:$O$180,"Travel in")+COUNTIFS($E$31:$E$180,C16,$O$31:$O$180,"Travel out")) | G16: =IF(C16="","",D16-E16-F16) | H16: {=IF(C16="","",_xlfn.TEXTJOIN(", ",TRUE,IF(($E$31:$E$180=C16)*($O$31:$O$180="On site"),$C$31:$C$180,"")))}
C17: =IFERROR(INDEX(Index!$C$2:$C$202,MATCH(12,Index!$F$2:$F$202,0)),"") | D17: =IF(C17="","",COUNTIF($E$31:$E$180,C17)) | E17: =IF(C17="","",COUNTIFS($E$31:$E$180,C17,$O$31:$O$180,"On site")) | F17: =IF(C17="","",COUNTIFS($E$31:$E$180,C17,$O$31:$O$180,"Travel in")+COUNTIFS($E$31:$E$180,C17,$O$31:$O$180,"Travel out")) | G17: =IF(C17="","",D17-E17-F17) | H17: {=IF(C17="","",_xlfn.TEXTJOIN(", ",TRUE,IF(($E$31:$E$180=C17)*($O$31:$O$180="On site"),$C$31:$C$180,"")))}
C18: =IFERROR(INDEX(Index!$C$2:$C$202,MATCH(13,Index!$F$2:$F$202,0)),"") | D18: =IF(C18="","",COUNTIF($E$31:$E$180,C18)) | E18: =IF(C18="","",COUNTIFS($E$31:$E$180,C18,$O$31:$O$180,"On site")) | F18: =IF(C18="","",COUNTIFS($E$31:$E$180,C18,$O$31:$O$180,"Travel in")+COUNTIFS($E$31:$E$180,C18,$O$31:$O$180,"Travel out")) | G18: =IF(C18="","",D18-E18-F18) | H18: {=IF(C18="","",_xlfn.TEXTJOIN(", ",TRUE,IF(($E$31:$E$180=C18)*($O$31:$O$180="On site"),$C$31:$C$180,"")))}
C19: =IFERROR(INDEX(Index!$C$2:$C$202,MATCH(14,Index!$F$2:$F$202,0)),"") | D19: =IF(C19="","",COUNTIF($E$31:$E$180,C19)) | E19: =IF(C19="","",COUNTIFS($E$31:$E$180,C19,$O$31:$O$180,"On site")) | F19: =IF(C19="","",COUNTIFS($E$31:$E$180,C19,$O$31:$O$180,"Travel in")+COUNTIFS($E$31:$E$180,C19,$O$31:$O$180,"Travel out")) | G19: =IF(C19="","",D19-E19-F19) | H19: {=IF(C19="","",_xlfn.TEXTJOIN(", ",TRUE,IF(($E$31:$E$180=C19)*($O$31:$O$180="On site"),$C$31:$C$180,"")))}
C20: =IFERROR(INDEX(Index!$C$2:$C$202,MATCH(15,Index!$F$2:$F$202,0)),"") | D20: =IF(C20="","",COUNTIF($E$31:$E$180,C20)) | E20: =IF(C20="","",COUNTIFS($E$31:$E$180,C20,$O$31:$O$180,"On site")) | F20: =IF(C20="","",COUNTIFS($E$31:$E$180,C20,$O$31:$O$180,"Travel in")+COUNTIFS($E$31:$E$180,C20,$O$31:$O$180,"Travel out")) | G20: =IF(C20="","",D20-E20-F20) | H20: {=IF(C20="","",_xlfn.TEXTJOIN(", ",TRUE,IF(($E$31:$E$180=C20)*($O$31:$O$180="On site"),$C$31:$C$180,"")))}
C21: =IFERROR(INDEX(Index!$C$2:$C$202,MATCH(16,Index!$F$2:$F$202,0)),"") | D21: =IF(C21="","",COUNTIF($E$31:$E$180,C21)) | E21: =IF(C21="","",COUNTIFS($E$31:$E$180,C21,$O$31:$O$180,"On site")) | F21: =IF(C21="","",COUNTIFS($E$31:$E$180,C21,$O$31:$O$180,"Travel in")+COUNTIFS($E$31:$E$180,C21,$O$31:$O$180,"Travel out")) | G21: =IF(C21="","",D21-E21-F21) | H21: {=IF(C21="","",_xlfn.TEXTJOIN(", ",TRUE,IF(($E$31:$E$180=C21)*($O$31:$O$180="On site"),$C$31:$C$180,"")))}
C22: =IFERROR(INDEX(Index!$C$2:$C$202,MATCH(17,Index!$F$2:$F$202,0)),"") | D22: =IF(C22="","",COUNTIF($E$31:$E$180,C22)) | E22: =IF(C22="","",COUNTIFS($E$31:$E$180,C22,$O$31:$O$180,"On site")) | F22: =IF(C22="","",COUNTIFS($E$31:$E$180,C22,$O$31:$O$180,"Travel in")+COUNTIFS($E$31:$E$180,C22,$O$31:$O$180,"Travel out")) | G22: =IF(C22="","",D22-E22-F22) | H22: {=IF(C22="","",_xlfn.TEXTJOIN(", ",TRUE,IF(($E$31:$E$180=C22)*($O$31:$O$180="On site"),$C$31:$C$180,"")))}
C23: =IFERROR(INDEX(Index!$C$2:$C$202,MATCH(18,Index!$F$2:$F$202,0)),"") | D23: =IF(C23="","",COUNTIF($E$31:$E$180,C23)) | E23: =IF(C23="","",COUNTIFS($E$31:$E$180,C23,$O$31:$O$180,"On site")) | F23: =IF(C23="","",COUNTIFS($E$31:$E$180,C23,$O$31:$O$180,"Travel in")+COUNTIFS($E$31:$E$180,C23,$O$31:$O$180,"Travel out")) | G23: =IF(C23="","",D23-E23-F23) | H23: {=IF(C23="","",_xlfn.TEXTJOIN(", ",TRUE,IF(($E$31:$E$180=C23)*($O$31:$O$180="On site"),$C$31:$C$180,"")))}
C24: =IFERROR(INDEX(Index!$C$2:$C$202,MATCH(19,Index!$F$2:$F$202,0)),"") | D24: =IF(C24="","",COUNTIF($E$31:$E$180,C24)) | E24: =IF(C24="","",COUNTIFS($E$31:$E$180,C24,$O$31:$O$180,"On site")) | F24: =IF(C24="","",COUNTIFS($E$31:$E$180,C24,$O$31:$O$180,"Travel in")+COUNTIFS($E$31:$E$180,C24,$O$31:$O$180,"Travel out")) | G24: =IF(C24="","",D24-E24-F24) | H24: {=IF(C24="","",_xlfn.TEXTJOIN(", ",TRUE,IF(($E$31:$E$180=C24)*($O$31:$O$180="On site"),$C$31:$C$180,"")))}
C25: =IFERROR(INDEX(Index!$C$2:$C$202,MATCH(20,Index!$F$2:$F$202,0)),"") | D25: =IF(C25="","",COUNTIF($E$31:$E$180,C25)) | E25: =IF(C25="","",COUNTIFS($E$31:$E$180,C25,$O$31:$O$180,"On site")) | F25: =IF(C25="","",COUNTIFS($E$31:$E$180,C25,$O$31:$O$180,"Travel in")+COUNTIFS($E$31:$E$180,C25,$O$31:$O$180,"Travel out")) | G25: =IF(C25="","",D25-E25-F25) | H25: {=IF(C25="","",_xlfn.TEXTJOIN(", ",TRUE,IF(($E$31:$E$180=C25)*($O$31:$O$180="On site"),$C$31:$C$180,"")))}
C26: TOTAL WORKFORCE | D26: =SUMIF($C$6:$C$25,"<>*demob*",D6:D25) | E26: =SUMIF($C$6:$C$25,"<>*demob*",E6:E25) | F26: =SUMIF($C$6:$C$25,"<>*demob*",F6:F25) | G26: =SUMIF($C$6:$C$25,"<>*demob*",G6:G25) | H26: (excludes Demobilised)
B28: INDIVIDUAL STATUS - SNAPSHOT DATE
B30: # | C30: Name | D30: Company | E30: Crew | F30: Role | G30: POH | H30: Roster | I30: Mobile | J30: ERMS profile | K30: LMS inductions | L30: Site access | M30: Quals status | N30: Today - roster entry | O30: Today - status | P30: Today - camp | Q30: Next travel date | R30: Next travel | S30: BHP access active | T30: Access / quals gap | U30: In filter
B31: =IF(Grid!$B3="","",1) | C31: =IF(Grid!$B3="","",TRIM(INDEX('INPUT - Roster'!$F$1:$F$206,Grid!$B3)&"")) | D31: =IF(Grid!$B3="","",TRIM(INDEX('INPUT - Roster'!$C$1:$C$206,Grid!$B3)&"")) | E31: =IF(Grid!$B3="","",INDEX(Index!$C$2:$C$202,MATCH(Grid!$B3,Index!$A$2:$A$202,0))) | F31: =IF(Grid!$B3="","",TRIM(INDEX('INPUT - Roster'!$H$1:$H$206,Grid!$B3)&"")) | G31: =IF(Grid!$B3="","",TRIM(INDEX('INPUT - Roster'!$G$1:$G$206,Grid!$B3)&"")) | H31: =IF(Grid!$B3="","",TRIM(INDEX('INPUT - Roster'!$R$1:$R$206,Grid!$B3)&"")) | I31: =IF(Grid!$B3="","",TRIM(INDEX('INPUT - Roster'!$O$1:$O$206,Grid!$B3)&"")) | J31: =IF(Grid!$B3="","",TRIM(INDEX('INPUT - Roster'!$J$1:$J$206,Grid!$B3)&"")) | K31: =IF(Grid!$B3="","",TRIM(INDEX('INPUT - Roster'!$K$1:$K$206,Grid!$B3)&"")) | L31: =IF(Grid!$B3="","",TRIM(INDEX('INPUT - Roster'!$L$1:$L$206,Grid!$B3)&"")) | M31: =IF(Grid!$B3="","",TRIM(INDEX('INPUT - Roster'!$M$1:$M$206,Grid!$B3)&"")) | N31: =Grid!F3 | O31: =Grid!AI3 | P31: =Grid!BL3 | Q31: =IF(Grid!$D3="","",INDEX(Grid!$F$2:$AG$2,Grid!$D3)) | R31: =IF(Grid!$D3="","",INDEX(Grid!$F3:$AG3,Grid!$D3)) | S31: =IF(Grid!$B3="","",IFERROR(TRIM(INDEX('BHP Site Access'!$G$3:$G$104,MATCH(LOWER(TRIM(INDEX('INPUT - Roster'!$D$1:$D$206,Grid!$B3)&"")&"|"&TRIM(INDEX('INPUT - Roster'!$E$1:$E$206,Grid!$B3)&"")),Calc!$AX$3:$AX$104,0))&""),"Not listed")) | T31: =IF(OR(Grid!$B3="",ISNUMBER(SEARCH("demob",E31))),"",IF(AND(UPPER(TRIM(J31&""))="YES",UPPER(TRIM(K31&""))="YES",UPPER(TRIM(L31&""))="YES",LEFT(UPPER(M31),14)="QUALS COMPLETE"),"","GAP")) | U31: =IF(Grid!$B3="",0,IF(AND(OR(Dashboard!$D$9="All",D31=Dashboard!$D$9),OR(Dashboard!$J$9="All",E31=Dashboard!$J$9)),1,0))
B32: =IF(Grid!$B4="","",2) | C32: =IF(Grid!$B4="","",TRIM(INDEX('INPUT - Roster'!$F$1:$F$206,Grid!$B4)&"")) | D32: =IF(Grid!$B4="","",TRIM(INDEX('INPUT - Roster'!$C$1:$C$206,Grid!$B4)&"")) | E32: =IF(Grid!$B4="","",INDEX(Index!$C$2:$C$202,MATCH(Grid!$B4,Index!$A$2:$A$202,0))) | F32: =IF(Grid!$B4="","",TRIM(INDEX('INPUT - Roster'!$H$1:$H$206,Grid!$B4)&"")) | G32: =IF(Grid!$B4="","",TRIM(INDEX('INPUT - Roster'!$G$1:$G$206,Grid!$B4)&"")) | H32: =IF(Grid!$B4="","",TRIM(INDEX('INPUT - Roster'!$R$1:$R$206,Grid!$B4)&"")) | I32: =IF(Grid!$B4="","",TRIM(INDEX('INPUT - Roster'!$O$1:$O$206,Grid!$B4)&"")) | J32: =IF(Grid!$B4="","",TRIM(INDEX('INPUT - Roster'!$J$1:$J$206,Grid!$B4)&"")) | K32: =IF(Grid!$B4="","",TRIM(INDEX('INPUT - Roster'!$K$1:$K$206,Grid!$B4)&"")) | L32: =IF(Grid!$B4="","",TRIM(INDEX('INPUT - Roster'!$L$1:$L$206,Grid!$B4)&"")) | M32: =IF(Grid!$B4="","",TRIM(INDEX('INPUT - Roster'!$M$1:$M$206,Grid!$B4)&"")) | N32: =Grid!F4 | O32: =Grid!AI4 | P32: =Grid!BL4 | Q32: =IF(Grid!$D4="","",INDEX(Grid!$F$2:$AG$2,Grid!$D4)) | R32: =IF(Grid!$D4="","",INDEX(Grid!$F4:$AG4,Grid!$D4)) | S32: =IF(Grid!$B4="","",IFERROR(TRIM(INDEX('BHP Site Access'!$G$3:$G$104,MATCH(LOWER(TRIM(INDEX('INPUT - Roster'!$D$1:$D$206,Grid!$B4)&"")&"|"&TRIM(INDEX('INPUT - Roster'!$E$1:$E$206,Grid!$B4)&"")),Calc!$AX$3:$AX$104,0))&""),"Not listed")) | T32: =IF(OR(Grid!$B4="",ISNUMBER(SEARCH("demob",E32))),"",IF(AND(UPPER(TRIM(J32&""))="YES",UPPER(TRIM(K32&""))="YES",UPPER(TRIM(L32&""))="YES",LEFT(UPPER(M32),14)="QUALS COMPLETE"),"","GAP")) | U32: =IF(Grid!$B4="",0,IF(AND(OR(Dashboard!$D$9="All",D32=Dashboard!$D$9),OR(Dashboard!$J$9="All",E32=Dashboard!$J$9)),1,0))
B33: =IF(Grid!$B5="","",3) | C33: =IF(Grid!$B5="","",TRIM(INDEX('INPUT - Roster'!$F$1:$F$206,Grid!$B5)&"")) | D33: =IF(Grid!$B5="","",TRIM(INDEX('INPUT - Roster'!$C$1:$C$206,Grid!$B5)&"")) | E33: =IF(Grid!$B5="","",INDEX(Index!$C$2:$C$202,MATCH(Grid!$B5,Index!$A$2:$A$202,0))) | F33: =IF(Grid!$B5="","",TRIM(INDEX('INPUT - Roster'!$H$1:$H$206,Grid!$B5)&"")) | G33: =IF(Grid!$B5="","",TRIM(INDEX('INPUT - Roster'!$G$1:$G$206,Grid!$B5)&"")) | H33: =IF(Grid!$B5="","",TRIM(INDEX('INPUT - Roster'!$R$1:$R$206,Grid!$B5)&"")) | I33: =IF(Grid!$B5="","",TRIM(INDEX('INPUT - Roster'!$O$1:$O$206,Grid!$B5)&"")) | J33: =IF(Grid!$B5="","",TRIM(INDEX('INPUT - Roster'!$J$1:$J$206,Grid!$B5)&"")) | K33: =IF(Grid!$B5="","",TRIM(INDEX('INPUT - Roster'!$K$1:$K$206,Grid!$B5)&"")) | L33: =IF(Grid!$B5="","",TRIM(INDEX('INPUT - Roster'!$L$1:$L$206,Grid!$B5)&"")) | M33: =IF(Grid!$B5="","",TRIM(INDEX('INPUT - Roster'!$M$1:$M$206,Grid!$B5)&"")) | N33: =Grid!F5 | O33: =Grid!AI5 | P33: =Grid!BL5 | Q33: =IF(Grid!$D5="","",INDEX(Grid!$F$2:$AG$2,Grid!$D5)) | R33: =IF(Grid!$D5="","",INDEX(Grid!$F5:$AG5,Grid!$D5)) | S33: =IF(Grid!$B5="","",IFERROR(TRIM(INDEX('BHP Site Access'!$G$3:$G$104,MATCH(LOWER(TRIM(INDEX('INPUT - Roster'!$D$1:$D$206,Grid!$B5)&"")&"|"&TRIM(INDEX('INPUT - Roster'!$E$1:$E$206,Grid!$B5)&"")),Calc!$AX$3:$AX$104,0))&""),"Not listed")) | T33: =IF(OR(Grid!$B5="",ISNUMBER(SEARCH("demob",E33))),"",IF(AND(UPPER(TRIM(J33&""))="YES",UPPER(TRIM(K33&""))="YES",UPPER(TRIM(L33&""))="YES",LEFT(UPPER(M33),14)="QUALS COMPLETE"),"","GAP")) | U33: =IF(Grid!$B5="",0,IF(AND(OR(Dashboard!$D$9="All",D33=Dashboard!$D$9),OR(Dashboard!$J$9="All",E33=Dashboard!$J$9)),1,0))
B34: =IF(Grid!$B6="","",4) | C34: =IF(Grid!$B6="","",TRIM(INDEX('INPUT - Roster'!$F$1:$F$206,Grid!$B6)&"")) | D34: =IF(Grid!$B6="","",TRIM(INDEX('INPUT - Roster'!$C$1:$C$206,Grid!$B6)&"")) | E34: =IF(Grid!$B6="","",INDEX(Index!$C$2:$C$202,MATCH(Grid!$B6,Index!$A$2:$A$202,0))) | F34: =IF(Grid!$B6="","",TRIM(INDEX('INPUT - Roster'!$H$1:$H$206,Grid!$B6)&"")) | G34: =IF(Grid!$B6="","",TRIM(INDEX('INPUT - Roster'!$G$1:$G$206,Grid!$B6)&"")) | H34: =IF(Grid!$B6="","",TRIM(INDEX('INPUT - Roster'!$R$1:$R$206,Grid!$B6)&"")) | I34: =IF(Grid!$B6="","",TRIM(INDEX('INPUT - Roster'!$O$1:$O$206,Grid!$B6)&"")) | J34: =IF(Grid!$B6="","",TRIM(INDEX('INPUT - Roster'!$J$1:$J$206,Grid!$B6)&"")) | K34: =IF(Grid!$B6="","",TRIM(INDEX('INPUT - Roster'!$K$1:$K$206,Grid!$B6)&"")) | L34: =IF(Grid!$B6="","",TRIM(INDEX('INPUT - Roster'!$L$1:$L$206,Grid!$B6)&"")) | M34: =IF(Grid!$B6="","",TRIM(INDEX('INPUT - Roster'!$M$1:$M$206,Grid!$B6)&"")) | N34: =Grid!F6 | O34: =Grid!AI6 | P34: =Grid!BL6 | Q34: =IF(Grid!$D6="","",INDEX(Grid!$F$2:$AG$2,Grid!$D6)) | R34: =IF(Grid!$D6="","",INDEX(Grid!$F6:$AG6,Grid!$D6)) | S34: =IF(Grid!$B6="","",IFERROR(TRIM(INDEX('BHP Site Access'!$G$3:$G$104,MATCH(LOWER(TRIM(INDEX('INPUT - Roster'!$D$1:$D$206,Grid!$B6)&"")&"|"&TRIM(INDEX('INPUT - Roster'!$E$1:$E$206,Grid!$B6)&"")),Calc!$AX$3:$AX$104,0))&""),"Not listed")) | T34: =IF(OR(Grid!$B6="",ISNUMBER(SEARCH("demob",E34))),"",IF(AND(UPPER(TRIM(J34&""))="YES",UPPER(TRIM(K34&""))="YES",UPPER(TRIM(L34&""))="YES",LEFT(UPPER(M34),14)="QUALS COMPLETE"),"","GAP")) | U34: =IF(Grid!$B6="",0,IF(AND(OR(Dashboard!$D$9="All",D34=Dashboard!$D$9),OR(Dashboard!$J$9="All",E34=Dashboard!$J$9)),1,0))
B35: =IF(Grid!$B7="","",5) | C35: =IF(Grid!$B7="","",TRIM(INDEX('INPUT - Roster'!$F$1:$F$206,Grid!$B7)&"")) | D35: =IF(Grid!$B7="","",TRIM(INDEX('INPUT - Roster'!$C$1:$C$206,Grid!$B7)&"")) | E35: =IF(Grid!$B7="","",INDEX(Index!$C$2:$C$202,MATCH(Grid!$B7,Index!$A$2:$A$202,0))) | F35: =IF(Grid!$B7="","",TRIM(INDEX('INPUT - Roster'!$H$1:$H$206,Grid!$B7)&"")) | G35: =IF(Grid!$B7="","",TRIM(INDEX('INPUT - Roster'!$G$1:$G$206,Grid!$B7)&"")) | H35: =IF(Grid!$B7="","",TRIM(INDEX('INPUT - Roster'!$R$1:$R$206,Grid!$B7)&"")) | I35: =IF(Grid!$B7="","",TRIM(INDEX('INPUT - Roster'!$O$1:$O$206,Grid!$B7)&"")) | J35: =IF(Grid!$B7="","",TRIM(INDEX('INPUT - Roster'!$J$1:$J$206,Grid!$B7)&"")) | K35: =IF(Grid!$B7="","",TRIM(INDEX('INPUT - Roster'!$K$1:$K$206,Grid!$B7)&"")) | L35: =IF(Grid!$B7="","",TRIM(INDEX('INPUT - Roster'!$L$1:$L$206,Grid!$B7)&"")) | M35: =IF(Grid!$B7="","",TRIM(INDEX('INPUT - Roster'!$M$1:$M$206,Grid!$B7)&"")) | N35: =Grid!F7 | O35: =Grid!AI7 | P35: =Grid!BL7 | Q35: =IF(Grid!$D7="","",INDEX(Grid!$F$2:$AG$2,Grid!$D7)) | R35: =IF(Grid!$D7="","",INDEX(Grid!$F7:$AG7,Grid!$D7)) | S35: =IF(Grid!$B7="","",IFERROR(TRIM(INDEX('BHP Site Access'!$G$3:$G$104,MATCH(LOWER(TRIM(INDEX('INPUT - Roster'!$D$1:$D$206,Grid!$B7)&"")&"|"&TRIM(INDEX('INPUT - Roster'!$E$1:$E$206,Grid!$B7)&"")),Calc!$AX$3:$AX$104,0))&""),"Not listed")) | T35: =IF(OR(Grid!$B7="",ISNUMBER(SEARCH("demob",E35))),"",IF(AND(UPPER(TRIM(J35&""))="YES",UPPER(TRIM(K35&""))="YES",UPPER(TRIM(L35&""))="YES",LEFT(UPPER(M35),14)="QUALS COMPLETE"),"","GAP")) | U35: =IF(Grid!$B7="",0,IF(AND(OR(Dashboard!$D$9="All",D35=Dashboard!$D$9),OR(Dashboard!$J$9="All",E35=Dashboard!$J$9)),1,0))
B36: =IF(Grid!$B8="","",6) | C36: =IF(Grid!$B8="","",TRIM(INDEX('INPUT - Roster'!$F$1:$F$206,Grid!$B8)&"")) | D36: =IF(Grid!$B8="","",TRIM(INDEX('INPUT - Roster'!$C$1:$C$206,Grid!$B8)&"")) | E36: =IF(Grid!$B8="","",INDEX(Index!$C$2:$C$202,MATCH(Grid!$B8,Index!$A$2:$A$202,0))) | F36: =IF(Grid!$B8="","",TRIM(INDEX('INPUT - Roster'!$H$1:$H$206,Grid!$B8)&"")) | G36: =IF(Grid!$B8="","",TRIM(INDEX('INPUT - Roster'!$G$1:$G$206,Grid!$B8)&"")) | H36: =IF(Grid!$B8="","",TRIM(INDEX('INPUT - Roster'!$R$1:$R$206,Grid!$B8)&"")) | I36: =IF(Grid!$B8="","",TRIM(INDEX('INPUT - Roster'!$O$1:$O$206,Grid!$B8)&"")) | J36: =IF(Grid!$B8="","",TRIM(INDEX('INPUT - Roster'!$J$1:$J$206,Grid!$B8)&"")) | K36: =IF(Grid!$B8="","",TRIM(INDEX('INPUT - Roster'!$K$1:$K$206,Grid!$B8)&"")) | L36: =IF(Grid!$B8="","",TRIM(INDEX('INPUT - Roster'!$L$1:$L$206,Grid!$B8)&"")) | M36: =IF(Grid!$B8="","",TRIM(INDEX('INPUT - Roster'!$M$1:$M$206,Grid!$B8)&"")) | N36: =Grid!F8 | O36: =Grid!AI8 | P36: =Grid!BL8 | Q36: =IF(Grid!$D8="","",INDEX(Grid!$F$2:$AG$2,Grid!$D8)) | R36: =IF(Grid!$D8="","",INDEX(Grid!$F8:$AG8,Grid!$D8)) | S36: =IF(Grid!$B8="","",IFERROR(TRIM(INDEX('BHP Site Access'!$G$3:$G$104,MATCH(LOWER(TRIM(INDEX('INPUT - Roster'!$D$1:$D$206,Grid!$B8)&"")&"|"&TRIM(INDEX('INPUT - Roster'!$E$1:$E$206,Grid!$B8)&"")),Calc!$AX$3:$AX$104,0))&""),"Not listed")) | T36: =IF(OR(Grid!$B8="",ISNUMBER(SEARCH("demob",E36))),"",IF(AND(UPPER(TRIM(J36&""))="YES",UPPER(TRIM(K36&""))="YES",UPPER(TRIM(L36&""))="YES",LEFT(UPPER(M36),14)="QUALS COMPLETE"),"","GAP")) | U36: =IF(Grid!$B8="",0,IF(AND(OR(Dashboard!$D$9="All",D36=Dashboard!$D$9),OR(Dashboard!$J$9="All",E36=Dashboard!$J$9)),1,0))
B37: =IF(Grid!$B9="","",7) | C37: =IF(Grid!$B9="","",TRIM(INDEX('INPUT - Roster'!$F$1:$F$206,Grid!$B9)&"")) | D37: =IF(Grid!$B9="","",TRIM(INDEX('INPUT - Roster'!$C$1:$C$206,Grid!$B9)&"")) | E37: =IF(Grid!$B9="","",INDEX(Index!$C$2:$C$202,MATCH(Grid!$B9,Index!$A$2:$A$202,0))) | F37: =IF(Grid!$B9="","",TRIM(INDEX('INPUT - Roster'!$H$1:$H$206,Grid!$B9)&"")) | G37: =IF(Grid!$B9="","",TRIM(INDEX('INPUT - Roster'!$G$1:$G$206,Grid!$B9)&"")) | H37: =IF(Grid!$B9="","",TRIM(INDEX('INPUT - Roster'!$R$1:$R$206,Grid!$B9)&"")) | I37: =IF(Grid!$B9="","",TRIM(INDEX('INPUT - Roster'!$O$1:$O$206,Grid!$B9)&"")) | J37: =IF(Grid!$B9="","",TRIM(INDEX('INPUT - Roster'!$J$1:$J$206,Grid!$B9)&"")) | K37: =IF(Grid!$B9="","",TRIM(INDEX('INPUT - Roster'!$K$1:$K$206,Grid!$B9)&"")) | L37: =IF(Grid!$B9="","",TRIM(INDEX('INPUT - Roster'!$L$1:$L$206,Grid!$B9)&"")) | M37: =IF(Grid!$B9="","",TRIM(INDEX('INPUT - Roster'!$M$1:$M$206,Grid!$B9)&"")) | N37: =Grid!F9 | O37: =Grid!AI9 | P37: =Grid!BL9 | Q37: =IF(Grid!$D9="","",INDEX(Grid!$F$2:$AG$2,Grid!$D9)) | R37: =IF(Grid!$D9="","",INDEX(Grid!$F9:$AG9,Grid!$D9)) | S37: =IF(Grid!$B9="","",IFERROR(TRIM(INDEX('BHP Site Access'!$G$3:$G$104,MATCH(LOWER(TRIM(INDEX('INPUT - Roster'!$D$1:$D$206,Grid!$B9)&"")&"|"&TRIM(INDEX('INPUT - Roster'!$E$1:$E$206,Grid!$B9)&"")),Calc!$AX$3:$AX$104,0))&""),"Not listed")) | T37: =IF(OR(Grid!$B9="",ISNUMBER(SEARCH("demob",E37))),"",IF(AND(UPPER(TRIM(J37&""))="YES",UPPER(TRIM(K37&""))="YES",UPPER(TRIM(L37&""))="YES",LEFT(UPPER(M37),14)="QUALS COMPLETE"),"","GAP")) | U37: =IF(Grid!$B9="",0,IF(AND(OR(Dashboard!$D$9="All",D37=Dashboard!$D$9),OR(Dashboard!$J$9="All",E37=Dashboard!$J$9)),1,0))
B38: =IF(Grid!$B10="","",8) | C38: =IF(Grid!$B10="","",TRIM(INDEX('INPUT - Roster'!$F$1:$F$206,Grid!$B10)&"")) | D38: =IF(Grid!$B10="","",TRIM(INDEX('INPUT - Roster'!$C$1:$C$206,Grid!$B10)&"")) | E38: =IF(Grid!$B10="","",INDEX(Index!$C$2:$C$202,MATCH(Grid!$B10,Index!$A$2:$A$202,0))) | F38: =IF(Grid!$B10="","",TRIM(INDEX('INPUT - Roster'!$H$1:$H$206,Grid!$B10)&"")) | G38: =IF(Grid!$B10="","",TRIM(INDEX('INPUT - Roster'!$G$1:$G$206,Grid!$B10)&"")) | H38: =IF(Grid!$B10="","",TRIM(INDEX('INPUT - Roster'!$R$1:$R$206,Grid!$B10)&"")) | I38: =IF(Grid!$B10="","",TRIM(INDEX('INPUT - Roster'!$O$1:$O$206,Grid!$B10)&"")) | J38: =IF(Grid!$B10="","",TRIM(INDEX('INPUT - Roster'!$J$1:$J$206,Grid!$B10)&"")) | K38: =IF(Grid!$B10="","",TRIM(INDEX('INPUT - Roster'!$K$1:$K$206,Grid!$B10)&"")) | L38: =IF(Grid!$B10="","",TRIM(INDEX('INPUT - Roster'!$L$1:$L$206,Grid!$B10)&"")) | M38: =IF(Grid!$B10="","",TRIM(INDEX('INPUT - Roster'!$M$1:$M$206,Grid!$B10)&"")) | N38: =Grid!F10 | O38: =Grid!AI10 | P38: =Grid!BL10 | Q38: =IF(Grid!$D10="","",INDEX(Grid!$F$2:$AG$2,Grid!$D10)) | R38: =IF(Grid!$D10="","",INDEX(Grid!$F10:$AG10,Grid!$D10)) | S38: =IF(Grid!$B10="","",IFERROR(TRIM(INDEX('BHP Site Access'!$G$3:$G$104,MATCH(LOWER(TRIM(INDEX('INPUT - Roster'!$D$1:$D$206,Grid!$B10)&"")&"|"&TRIM(INDEX('INPUT - Roster'!$E$1:$E$206,Grid!$B10)&"")),Calc!$AX$3:$AX$104,0))&""),"Not listed")) | T38: =IF(OR(Grid!$B10="",ISNUMBER(SEARCH("demob",E38))),"",IF(AND(UPPER(TRIM(J38&""))="YES",UPPER(TRIM(K38&""))="YES",UPPER(TRIM(L38&""))="YES",LEFT(UPPER(M38),14)="QUALS COMPLETE"),"","GAP")) | U38: =IF(Grid!$B10="",0,IF(AND(OR(Dashboard!$D$9="All",D38=Dashboard!$D$9),OR(Dashboard!$J$9="All",E38=Dashboard!$J$9)),1,0))
B39: =IF(Grid!$B11="","",9) | C39: =IF(Grid!$B11="","",TRIM(INDEX('INPUT - Roster'!$F$1:$F$206,Grid!$B11)&"")) | D39: =IF(Grid!$B11="","",TRIM(INDEX('INPUT - Roster'!$C$1:$C$206,Grid!$B11)&"")) | E39: =IF(Grid!$B11="","",INDEX(Index!$C$2:$C$202,MATCH(Grid!$B11,Index!$A$2:$A$202,0))) | F39: =IF(Grid!$B11="","",TRIM(INDEX('INPUT - Roster'!$H$1:$H$206,Grid!$B11)&"")) | G39: =IF(Grid!$B11="","",TRIM(INDEX('INPUT - Roster'!$G$1:$G$206,Grid!$B11)&"")) | H39: =IF(Grid!$B11="","",TRIM(INDEX('INPUT - Roster'!$R$1:$R$206,Grid!$B11)&"")) | I39: =IF(Grid!$B11="","",TRIM(INDEX('INPUT - Roster'!$O$1:$O$206,Grid!$B11)&"")) | J39: =IF(Grid!$B11="","",TRIM(INDEX('INPUT - Roster'!$J$1:$J$206,Grid!$B11)&"")) | K39: =IF(Grid!$B11="","",TRIM(INDEX('INPUT - Roster'!$K$1:$K$206,Grid!$B11)&"")) | L39: =IF(Grid!$B11="","",TRIM(INDEX('INPUT - Roster'!$L$1:$L$206,Grid!$B11)&"")) | M39: =IF(Grid!$B11="","",TRIM(INDEX('INPUT - Roster'!$M$1:$M$206,Grid!$B11)&"")) | N39: =Grid!F11 | O39: =Grid!AI11 | P39: =Grid!BL11 | Q39: =IF(Grid!$D11="","",INDEX(Grid!$F$2:$AG$2,Grid!$D11)) | R39: =IF(Grid!$D11="","",INDEX(Grid!$F11:$AG11,Grid!$D11)) | S39: =IF(Grid!$B11="","",IFERROR(TRIM(INDEX('BHP Site Access'!$G$3:$G$104,MATCH(LOWER(TRIM(INDEX('INPUT - Roster'!$D$1:$D$206,Grid!$B11)&"")&"|"&TRIM(INDEX('INPUT - Roster'!$E$1:$E$206,Grid!$B11)&"")),Calc!$AX$3:$AX$104,0))&""),"Not listed")) | T39: =IF(OR(Grid!$B11="",ISNUMBER(SEARCH("demob",E39))),"",IF(AND(UPPER(TRIM(J39&""))="YES",UPPER(TRIM(K39&""))="YES",UPPER(TRIM(L39&""))="YES",LEFT(UPPER(M39),14)="QUALS COMPLETE"),"","GAP")) | U39: =IF(Grid!$B11="",0,IF(AND(OR(Dashboard!$D$9="All",D39=Dashboard!$D$9),OR(Dashboard!$J$9="All",E39=Dashboard!$J$9)),1,0))
B40: =IF(Grid!$B12="","",10) | C40: =IF(Grid!$B12="","",TRIM(INDEX('INPUT - Roster'!$F$1:$F$206,Grid!$B12)&"")) | D40: =IF(Grid!$B12="","",TRIM(INDEX('INPUT - Roster'!$C$1:$C$206,Grid!$B12)&"")) | E40: =IF(Grid!$B12="","",INDEX(Index!$C$2:$C$202,MATCH(Grid!$B12,Index!$A$2:$A$202,0))) | F40: =IF(Grid!$B12="","",TRIM(INDEX('INPUT - Roster'!$H$1:$H$206,Grid!$B12)&"")) | G40: =IF(Grid!$B12="","",TRIM(INDEX('INPUT - Roster'!$G$1:$G$206,Grid!$B12)&"")) | H40: =IF(Grid!$B12="","",TRIM(INDEX('INPUT - Roster'!$R$1:$R$206,Grid!$B12)&"")) | I40: =IF(Grid!$B12="","",TRIM(INDEX('INPUT - Roster'!$O$1:$O$206,Grid!$B12)&"")) | J40: =IF(Grid!$B12="","",TRIM(INDEX('INPUT - Roster'!$J$1:$J$206,Grid!$B12)&"")) | K40: =IF(Grid!$B12="","",TRIM(INDEX('INPUT - Roster'!$K$1:$K$206,Grid!$B12)&"")) | L40: =IF(Grid!$B12="","",TRIM(INDEX('INPUT - Roster'!$L$1:$L$206,Grid!$B12)&"")) | M40: =IF(Grid!$B12="","",TRIM(INDEX('INPUT - Roster'!$M$1:$M$206,Grid!$B12)&"")) | N40: =Grid!F12 | O40: =Grid!AI12 | P40: =Grid!BL12 | Q40: =IF(Grid!$D12="","",INDEX(Grid!$F$2:$AG$2,Grid!$D12)) | R40: =IF(Grid!$D12="","",INDEX(Grid!$F12:$AG12,Grid!$D12)) | S40: =IF(Grid!$B12="","",IFERROR(TRIM(INDEX('BHP Site Access'!$G$3:$G$104,MATCH(LOWER(TRIM(INDEX('INPUT - Roster'!$D$1:$D$206,Grid!$B12)&"")&"|"&TRIM(INDEX('INPUT - Roster'!$E$1:$E$206,Grid!$B12)&"")),Calc!$AX$3:$AX$104,0))&""),"Not listed")) | T40: =IF(OR(Grid!$B12="",ISNUMBER(SEARCH("demob",E40))),"",IF(AND(UPPER(TRIM(J40&""))="YES",UPPER(TRIM(K40&""))="YES",UPPER(TRIM(L40&""))="YES",LEFT(UPPER(M40),14)="QUALS COMPLETE"),"","GAP")) | U40: =IF(Grid!$B12="",0,IF(AND(OR(Dashboard!$D$9="All",D40=Dashboard!$D$9),OR(Dashboard!$J$9="All",E40=Dashboard!$J$9)),1,0))
B41: =IF(Grid!$B13="","",11) | C41: =IF(Grid!$B13="","",TRIM(INDEX('INPUT - Roster'!$F$1:$F$206,Grid!$B13)&"")) | D41: =IF(Grid!$B13="","",TRIM(INDEX('INPUT - Roster'!$C$1:$C$206,Grid!$B13)&"")) | E41: =IF(Grid!$B13="","",INDEX(Index!$C$2:$C$202,MATCH(Grid!$B13,Index!$A$2:$A$202,0))) | F41: =IF(Grid!$B13="","",TRIM(INDEX('INPUT - Roster'!$H$1:$H$206,Grid!$B13)&"")) | G41: =IF(Grid!$B13="","",TRIM(INDEX('INPUT - Roster'!$G$1:$G$206,Grid!$B13)&"")) | H41: =IF(Grid!$B13="","",TRIM(INDEX('INPUT - Roster'!$R$1:$R$206,Grid!$B13)&"")) | I41: =IF(Grid!$B13="","",TRIM(INDEX('INPUT - Roster'!$O$1:$O$206,Grid!$B13)&"")) | J41: =IF(Grid!$B13="","",TRIM(INDEX('INPUT - Roster'!$J$1:$J$206,Grid!$B13)&"")) | K41: =IF(Grid!$B13="","",TRIM(INDEX('INPUT - Roster'!$K$1:$K$206,Grid!$B13)&"")) | L41: =IF(Grid!$B13="","",TRIM(INDEX('INPUT - Roster'!$L$1:$L$206,Grid!$B13)&"")) | M41: =IF(Grid!$B13="","",TRIM(INDEX('INPUT - Roster'!$M$1:$M$206,Grid!$B13)&"")) | N41: =Grid!F13 | O41: =Grid!AI13 | P41: =Grid!BL13 | Q41: =IF(Grid!$D13="","",INDEX(Grid!$F$2:$AG$2,Grid!$D13)) | R41: =IF(Grid!$D13="","",INDEX(Grid!$F13:$AG13,Grid!$D13)) | S41: =IF(Grid!$B13="","",IFERROR(TRIM(INDEX('BHP Site Access'!$G$3:$G$104,MATCH(LOWER(TRIM(INDEX('INPUT - Roster'!$D$1:$D$206,Grid!$B13)&"")&"|"&TRIM(INDEX('INPUT - Roster'!$E$1:$E$206,Grid!$B13)&"")),Calc!$AX$3:$AX$104,0))&""),"Not listed")) | T41: =IF(OR(Grid!$B13="",ISNUMBER(SEARCH("demob",E41))),"",IF(AND(UPPER(TRIM(J41&""))="YES",UPPER(TRIM(K41&""))="YES",UPPER(TRIM(L41&""))="YES",LEFT(UPPER(M41),14)="QUALS COMPLETE"),"","GAP")) | U41: =IF(Grid!$B13="",0,IF(AND(OR(Dashboard!$D$9="All",D41=Dashboard!$D$9),OR(Dashboard!$J$9="All",E41=Dashboard!$J$9)),1,0))
B42: =IF(Grid!$B14="","",12) | C42: =IF(Grid!$B14="","",TRIM(INDEX('INPUT - Roster'!$F$1:$F$206,Grid!$B14)&"")) | D42: =IF(Grid!$B14="","",TRIM(INDEX('INPUT - Roster'!$C$1:$C$206,Grid!$B14)&"")) | E42: =IF(Grid!$B14="","",INDEX(Index!$C$2:$C$202,MATCH(Grid!$B14,Index!$A$2:$A$202,0))) | F42: =IF(Grid!$B14="","",TRIM(INDEX('INPUT - Roster'!$H$1:$H$206,Grid!$B14)&"")) | G42: =IF(Grid!$B14="","",TRIM(INDEX('INPUT - Roster'!$G$1:$G$206,Grid!$B14)&"")) | H42: =IF(Grid!$B14="","",TRIM(INDEX('INPUT - Roster'!$R$1:$R$206,Grid!$B14)&"")) | I42: =IF(Grid!$B14="","",TRIM(INDEX('INPUT - Roster'!$O$1:$O$206,Grid!$B14)&"")) | J42: =IF(Grid!$B14="","",TRIM(INDEX('INPUT - Roster'!$J$1:$J$206,Grid!$B14)&"")) | K42: =IF(Grid!$B14="","",TRIM(INDEX('INPUT - Roster'!$K$1:$K$206,Grid!$B14)&"")) | L42: =IF(Grid!$B14="","",TRIM(INDEX('INPUT - Roster'!$L$1:$L$206,Grid!$B14)&"")) | M42: =IF(Grid!$B14="","",TRIM(INDEX('INPUT - Roster'!$M$1:$M$206,Grid!$B14)&"")) | N42: =Grid!F14 | O42: =Grid!AI14 | P42: =Grid!BL14 | Q42: =IF(Grid!$D14="","",INDEX(Grid!$F$2:$AG$2,Grid!$D14)) | R42: =IF(Grid!$D14="","",INDEX(Grid!$F14:$AG14,Grid!$D14)) | S42: =IF(Grid!$B14="","",IFERROR(TRIM(INDEX('BHP Site Access'!$G$3:$G$104,MATCH(LOWER(TRIM(INDEX('INPUT - Roster'!$D$1:$D$206,Grid!$B14)&"")&"|"&TRIM(INDEX('INPUT - Roster'!$E$1:$E$206,Grid!$B14)&"")),Calc!$AX$3:$AX$104,0))&""),"Not listed")) | T42: =IF(OR(Grid!$B14="",ISNUMBER(SEARCH("demob",E42))),"",IF(AND(UPPER(TRIM(J42&""))="YES",UPPER(TRIM(K42&""))="YES",UPPER(TRIM(L42&""))="YES",LEFT(UPPER(M42),14)="QUALS COMPLETE"),"","GAP")) | U42: =IF(Grid!$B14="",0,IF(AND(OR(Dashboard!$D$9="All",D42=Dashboard!$D$9),OR(Dashboard!$J$9="All",E42=Dashboard!$J$9)),1,0))
B43: =IF(Grid!$B15="","",13) | C43: =IF(Grid!$B15="","",TRIM(INDEX('INPUT - Roster'!$F$1:$F$206,Grid!$B15)&"")) | D43: =IF(Grid!$B15="","",TRIM(INDEX('INPUT - Roster'!$C$1:$C$206,Grid!$B15)&"")) | E43: =IF(Grid!$B15="","",INDEX(Index!$C$2:$C$202,MATCH(Grid!$B15,Index!$A$2:$A$202,0))) | F43: =IF(Grid!$B15="","",TRIM(INDEX('INPUT - Roster'!$H$1:$H$206,Grid!$B15)&"")) | G43: =IF(Grid!$B15="","",TRIM(INDEX('INPUT - Roster'!$G$1:$G$206,Grid!$B15)&"")) | H43: =IF(Grid!$B15="","",TRIM(INDEX('INPUT - Roster'!$R$1:$R$206,Grid!$B15)&"")) | I43: =IF(Grid!$B15="","",TRIM(INDEX('INPUT - Roster'!$O$1:$O$206,Grid!$B15)&"")) | J43: =IF(Grid!$B15="","",TRIM(INDEX('INPUT - Roster'!$J$1:$J$206,Grid!$B15)&"")) | K43: =IF(Grid!$B15="","",TRIM(INDEX('INPUT - Roster'!$K$1:$K$206,Grid!$B15)&"")) | L43: =IF(Grid!$B15="","",TRIM(INDEX('INPUT - Roster'!$L$1:$L$206,Grid!$B15)&"")) | M43: =IF(Grid!$B15="","",TRIM(INDEX('INPUT - Roster'!$M$1:$M$206,Grid!$B15)&"")) | N43: =Grid!F15 | O43: =Grid!AI15 | P43: =Grid!BL15 | Q43: =IF(Grid!$D15="","",INDEX(Grid!$F$2:$AG$2,Grid!$D15)) | R43: =IF(Grid!$D15="","",INDEX(Grid!$F15:$AG15,Grid!$D15)) | S43: =IF(Grid!$B15="","",IFERROR(TRIM(INDEX('BHP Site Access'!$G$3:$G$104,MATCH(LOWER(TRIM(INDEX('INPUT - Roster'!$D$1:$D$206,Grid!$B15)&"")&"|"&TRIM(INDEX('INPUT - Roster'!$E$1:$E$206,Grid!$B15)&"")),Calc!$AX$3:$AX$104,0))&""),"Not listed")) | T43: =IF(OR(Grid!$B15="",ISNUMBER(SEARCH("demob",E43))),"",IF(AND(UPPER(TRIM(J43&""))="YES",UPPER(TRIM(K43&""))="YES",UPPER(TRIM(L43&""))="YES",LEFT(UPPER(M43),14)="QUALS COMPLETE"),"","GAP")) | U43: =IF(Grid!$B15="",0,IF(AND(OR(Dashboard!$D$9="All",D43=Dashboard!$D$9),OR(Dashboard!$J$9="All",E43=Dashboard!$J$9)),1,0))
B44: =IF(Grid!$B16="","",14) | C44: =IF(Grid!$B16="","",TRIM(INDEX('INPUT - Roster'!$F$1:$F$206,Grid!$B16)&"")) | D44: =IF(Grid!$B16="","",TRIM(INDEX('INPUT - Roster'!$C$1:$C$206,Grid!$B16)&"")) | E44: =IF(Grid!$B16="","",INDEX(Index!$C$2:$C$202,MATCH(Grid!$B16,Index!$A$2:$A$202,0))) | F44: =IF(Grid!$B16="","",TRIM(INDEX('INPUT - Roster'!$H$1:$H$206,Grid!$B16)&"")) | G44: =IF(Grid!$B16="","",TRIM(INDEX('INPUT - Roster'!$G$1:$G$206,Grid!$B16)&"")) | H44: =IF(Grid!$B16="","",TRIM(INDEX('INPUT - Roster'!$R$1:$R$206,Grid!$B16)&"")) | I44: =IF(Grid!$B16="","",TRIM(INDEX('INPUT - Roster'!$O$1:$O$206,Grid!$B16)&"")) | J44: =IF(Grid!$B16="","",TRIM(INDEX('INPUT - Roster'!$J$1:$J$206,Grid!$B16)&"")) | K44: =IF(Grid!$B16="","",TRIM(INDEX('INPUT - Roster'!$K$1:$K$206,Grid!$B16)&"")) | L44: =IF(Grid!$B16="","",TRIM(INDEX('INPUT - Roster'!$L$1:$L$206,Grid!$B16)&"")) | M44: =IF(Grid!$B16="","",TRIM(INDEX('INPUT - Roster'!$M$1:$M$206,Grid!$B16)&"")) | N44: =Grid!F16 | O44: =Grid!AI16 | P44: =Grid!BL16 | Q44: =IF(Grid!$D16="","",INDEX(Grid!$F$2:$AG$2,Grid!$D16)) | R44: =IF(Grid!$D16="","",INDEX(Grid!$F16:$AG16,Grid!$D16)) | S44: =IF(Grid!$B16="","",IFERROR(TRIM(INDEX('BHP Site Access'!$G$3:$G$104,MATCH(LOWER(TRIM(INDEX('INPUT - Roster'!$D$1:$D$206,Grid!$B16)&"")&"|"&TRIM(INDEX('INPUT - Roster'!$E$1:$E$206,Grid!$B16)&"")),Calc!$AX$3:$AX$104,0))&""),"Not listed")) | T44: =IF(OR(Grid!$B16="",ISNUMBER(SEARCH("demob",E44))),"",IF(AND(UPPER(TRIM(J44&""))="YES",UPPER(TRIM(K44&""))="YES",UPPER(TRIM(L44&""))="YES",LEFT(UPPER(M44),14)="QUALS COMPLETE"),"","GAP")) | U44: =IF(Grid!$B16="",0,IF(AND(OR(Dashboard!$D$9="All",D44=Dashboard!$D$9),OR(Dashboard!$J$9="All",E44=Dashboard!$J$9)),1,0))
B45: =IF(Grid!$B17="","",15) | C45: =IF(Grid!$B17="","",TRIM(INDEX('INPUT - Roster'!$F$1:$F$206,Grid!$B17)&"")) | D45: =IF(Grid!$B17="","",TRIM(INDEX('INPUT - Roster'!$C$1:$C$206,Grid!$B17)&"")) | E45: =IF(Grid!$B17="","",INDEX(Index!$C$2:$C$202,MATCH(Grid!$B17,Index!$A$2:$A$202,0))) | F45: =IF(Grid!$B17="","",TRIM(INDEX('INPUT - Roster'!$H$1:$H$206,Grid!$B17)&"")) | G45: =IF(Grid!$B17="","",TRIM(INDEX('INPUT - Roster'!$G$1:$G$206,Grid!$B17)&"")) | H45: =IF(Grid!$B17="","",TRIM(INDEX('INPUT - Roster'!$R$1:$R$206,Grid!$B17)&"")) | I45: =IF(Grid!$B17="","",TRIM(INDEX('INPUT - Roster'!$O$1:$O$206,Grid!$B17)&"")) | J45: =IF(Grid!$B17="","",TRIM(INDEX('INPUT - Roster'!$J$1:$J$206,Grid!$B17)&"")) | K45: =IF(Grid!$B17="","",TRIM(INDEX('INPUT - Roster'!$K$1:$K$206,Grid!$B17)&"")) | L45: =IF(Grid!$B17="","",TRIM(INDEX('INPUT - Roster'!$L$1:$L$206,Grid!$B17)&"")) | M45: =IF(Grid!$B17="","",TRIM(INDEX('INPUT - Roster'!$M$1:$M$206,Grid!$B17)&"")) | N45: =Grid!F17 | O45: =Grid!AI17 | P45: =Grid!BL17 | Q45: =IF(Grid!$D17="","",INDEX(Grid!$F$2:$AG$2,Grid!$D17)) | R45: =IF(Grid!$D17="","",INDEX(Grid!$F17:$AG17,Grid!$D17)) | S45: =IF(Grid!$B17="","",IFERROR(TRIM(INDEX('BHP Site Access'!$G$3:$G$104,MATCH(LOWER(TRIM(INDEX('INPUT - Roster'!$D$1:$D$206,Grid!$B17)&"")&"|"&TRIM(INDEX('INPUT - Roster'!$E$1:$E$206,Grid!$B17)&"")),Calc!$AX$3:$AX$104,0))&""),"Not listed")) | T45: =IF(OR(Grid!$B17="",ISNUMBER(SEARCH("demob",E45))),"",IF(AND(UPPER(TRIM(J45&""))="YES",UPPER(TRIM(K45&""))="YES",UPPER(TRIM(L45&""))="YES",LEFT(UPPER(M45),14)="QUALS COMPLETE"),"","GAP")) | U45: =IF(Grid!$B17="",0,IF(AND(OR(Dashboard!$D$9="All",D45=Dashboard!$D$9),OR(Dashboard!$J$9="All",E45=Dashboard!$J$9)),1,0))
B46: =IF(Grid!$B18="","",16) | C46: =IF(Grid!$B18="","",TRIM(INDEX('INPUT - Roster'!$F$1:$F$206,Grid!$B18)&"")) | D46: =IF(Grid!$B18="","",TRIM(INDEX('INPUT - Roster'!$C$1:$C$206,Grid!$B18)&"")) | E46: =IF(Grid!$B18="","",INDEX(Index!$C$2:$C$202,MATCH(Grid!$B18,Index!$A$2:$A$202,0))) | F46: =IF(Grid!$B18="","",TRIM(INDEX('INPUT - Roster'!$H$1:$H$206,Grid!$B18)&"")) | G46: =IF(Grid!$B18="","",TRIM(INDEX('INPUT - Roster'!$G$1:$G$206,Grid!$B18)&"")) | H46: =IF(Grid!$B18="","",TRIM(INDEX('INPUT - Roster'!$R$1:$R$206,Grid!$B18)&"")) | I46: =IF(Grid!$B18="","",TRIM(INDEX('INPUT - Roster'!$O$1:$O$206,Grid!$B18)&"")) | J46: =IF(Grid!$B18="","",TRIM(INDEX('INPUT - Roster'!$J$1:$J$206,Grid!$B18)&"")) | K46: =IF(Grid!$B18="","",TRIM(INDEX('INPUT - Roster'!$K$1:$K$206,Grid!$B18)&"")) | L46: =IF(Grid!$B18="","",TRIM(INDEX('INPUT - Roster'!$L$1:$L$206,Grid!$B18)&"")) | M46: =IF(Grid!$B18="","",TRIM(INDEX('INPUT - Roster'!$M$1:$M$206,Grid!$B18)&"")) | N46: =Grid!F18 | O46: =Grid!AI18 | P46: =Grid!BL18 | Q46: =IF(Grid!$D18="","",INDEX(Grid!$F$2:$AG$2,Grid!$D18)) | R46: =IF(Grid!$D18="","",INDEX(Grid!$F18:$AG18,Grid!$D18)) | S46: =IF(Grid!$B18="","",IFERROR(TRIM(INDEX('BHP Site Access'!$G$3:$G$104,MATCH(LOWER(TRIM(INDEX('INPUT - Roster'!$D$1:$D$206,Grid!$B18)&"")&"|"&TRIM(INDEX('INPUT - Roster'!$E$1:$E$206,Grid!$B18)&"")),Calc!$AX$3:$AX$104,0))&""),"Not listed")) | T46: =IF(OR(Grid!$B18="",ISNUMBER(SEARCH("demob",E46))),"",IF(AND(UPPER(TRIM(J46&""))="YES",UPPER(TRIM(K46&""))="YES",UPPER(TRIM(L46&""))="YES",LEFT(UPPER(M46),14)="QUALS COMPLETE"),"","GAP")) | U46: =IF(Grid!$B18="",0,IF(AND(OR(Dashboard!$D$9="All",D46=Dashboard!$D$9),OR(Dashboard!$J$9="All",E46=Dashboard!$J$9)),1,0))
B47: =IF(Grid!$B19="","",17) | C47: =IF(Grid!$B19="","",TRIM(INDEX('INPUT - Roster'!$F$1:$F$206,Grid!$B19)&"")) | D47: =IF(Grid!$B19="","",TRIM(INDEX('INPUT - Roster'!$C$1:$C$206,Grid!$B19)&"")) | E47: =IF(Grid!$B19="","",INDEX(Index!$C$2:$C$202,MATCH(Grid!$B19,Index!$A$2:$A$202,0))) | F47: =IF(Grid!$B19="","",TRIM(INDEX('INPUT - Roster'!$H$1:$H$206,Grid!$B19)&"")) | G47: =IF(Grid!$B19="","",TRIM(INDEX('INPUT - Roster'!$G$1:$G$206,Grid!$B19)&"")) | H47: =IF(Grid!$B19="","",TRIM(INDEX('INPUT - Roster'!$R$1:$R$206,Grid!$B19)&"")) | I47: =IF(Grid!$B19="","",TRIM(INDEX('INPUT - Roster'!$O$1:$O$206,Grid!$B19)&"")) | J47: =IF(Grid!$B19="","",TRIM(INDEX('INPUT - Roster'!$J$1:$J$206,Grid!$B19)&"")) | K47: =IF(Grid!$B19="","",TRIM(INDEX('INPUT - Roster'!$K$1:$K$206,Grid!$B19)&"")) | L47: =IF(Grid!$B19="","",TRIM(INDEX('INPUT - Roster'!$L$1:$L$206,Grid!$B19)&"")) | M47: =IF(Grid!$B19="","",TRIM(INDEX('INPUT - Roster'!$M$1:$M$206,Grid!$B19)&"")) | N47: =Grid!F19 | O47: =Grid!AI19 | P47: =Grid!BL19 | Q47: =IF(Grid!$D19="","",INDEX(Grid!$F$2:$AG$2,Grid!$D19)) | R47: =IF(Grid!$D19="","",INDEX(Grid!$F19:$AG19,Grid!$D19)) | S47: =IF(Grid!$B19="","",IFERROR(TRIM(INDEX('BHP Site Access'!$G$3:$G$104,MATCH(LOWER(TRIM(INDEX('INPUT - Roster'!$D$1:$D$206,Grid!$B19)&"")&"|"&TRIM(INDEX('INPUT - Roster'!$E$1:$E$206,Grid!$B19)&"")),Calc!$AX$3:$AX$104,0))&""),"Not listed")) | T47: =IF(OR(Grid!$B19="",ISNUMBER(SEARCH("demob",E47))),"",IF(AND(UPPER(TRIM(J47&""))="YES",UPPER(TRIM(K47&""))="YES",UPPER(TRIM(L47&""))="YES",LEFT(UPPER(M47),14)="QUALS COMPLETE"),"","GAP")) | U47: =IF(Grid!$B19="",0,IF(AND(OR(Dashboard!$D$9="All",D47=Dashboard!$D$9),OR(Dashboard!$J$9="All",E47=Dashboard!$J$9)),1,0))
B48: =IF(Grid!$B20="","",18) | C48: =IF(Grid!$B20="","",TRIM(INDEX('INPUT - Roster'!$F$1:$F$206,Grid!$B20)&"")) | D48: =IF(Grid!$B20="","",TRIM(INDEX('INPUT - Roster'!$C$1:$C$206,Grid!$B20)&"")) | E48: =IF(Grid!$B20="","",INDEX(Index!$C$2:$C$202,MATCH(Grid!$B20,Index!$A$2:$A$202,0))) | F48: =IF(Grid!$B20="","",TRIM(INDEX('INPUT - Roster'!$H$1:$H$206,Grid!$B20)&"")) | G48: =IF(Grid!$B20="","",TRIM(INDEX('INPUT - Roster'!$G$1:$G$206,Grid!$B20)&"")) | H48: =IF(Grid!$B20="","",TRIM(INDEX('INPUT - Roster'!$R$1:$R$206,Grid!$B20)&"")) | I48: =IF(Grid!$B20="","",TRIM(INDEX('INPUT - Roster'!$O$1:$O$206,Grid!$B20)&"")) | J48: =IF(Grid!$B20="","",TRIM(INDEX('INPUT - Roster'!$J$1:$J$206,Grid!$B20)&"")) | K48: =IF(Grid!$B20="","",TRIM(INDEX('INPUT - Roster'!$K$1:$K$206,Grid!$B20)&"")) | L48: =IF(Grid!$B20="","",TRIM(INDEX('INPUT - Roster'!$L$1:$L$206,Grid!$B20)&"")) | M48: =IF(Grid!$B20="","",TRIM(INDEX('INPUT - Roster'!$M$1:$M$206,Grid!$B20)&"")) | N48: =Grid!F20 | O48: =Grid!AI20 | P48: =Grid!BL20 | Q48: =IF(Grid!$D20="","",INDEX(Grid!$F$2:$AG$2,Grid!$D20)) | R48: =IF(Grid!$D20="","",INDEX(Grid!$F20:$AG20,Grid!$D20)) | S48: =IF(Grid!$B20="","",IFERROR(TRIM(INDEX('BHP Site Access'!$G$3:$G$104,MATCH(LOWER(TRIM(INDEX('INPUT - Roster'!$D$1:$D$206,Grid!$B20)&"")&"|"&TRIM(INDEX('INPUT - Roster'!$E$1:$E$206,Grid!$B20)&"")),Calc!$AX$3:$AX$104,0))&""),"Not listed")) | T48: =IF(OR(Grid!$B20="",ISNUMBER(SEARCH("demob",E48))),"",IF(AND(UPPER(TRIM(J48&""))="YES",UPPER(TRIM(K48&""))="YES",UPPER(TRIM(L48&""))="YES",LEFT(UPPER(M48),14)="QUALS COMPLETE"),"","GAP")) | U48: =IF(Grid!$B20="",0,IF(AND(OR(Dashboard!$D$9="All",D48=Dashboard!$D$9),OR(Dashboard!$J$9="All",E48=Dashboard!$J$9)),1,0))
B49: =IF(Grid!$B21="","",19) | C49: =IF(Grid!$B21="","",TRIM(INDEX('INPUT - Roster'!$F$1:$F$206,Grid!$B21)&"")) | D49: =IF(Grid!$B21="","",TRIM(INDEX('INPUT - Roster'!$C$1:$C$206,Grid!$B21)&"")) | E49: =IF(Grid!$B21="","",INDEX(Index!$C$2:$C$202,MATCH(Grid!$B21,Index!$A$2:$A$202,0))) | F49: =IF(Grid!$B21="","",TRIM(INDEX('INPUT - Roster'!$H$1:$H$206,Grid!$B21)&"")) | G49: =IF(Grid!$B21="","",TRIM(INDEX('INPUT - Roster'!$G$1:$G$206,Grid!$B21)&"")) | H49: =IF(Grid!$B21="","",TRIM(INDEX('INPUT - Roster'!$R$1:$R$206,Grid!$B21)&"")) | I49: =IF(Grid!$B21="","",TRIM(INDEX('INPUT - Roster'!$O$1:$O$206,Grid!$B21)&"")) | J49: =IF(Grid!$B21="","",TRIM(INDEX('INPUT - Roster'!$J$1:$J$206,Grid!$B21)&"")) | K49: =IF(Grid!$B21="","",TRIM(INDEX('INPUT - Roster'!$K$1:$K$206,Grid!$B21)&"")) | L49: =IF(Grid!$B21="","",TRIM(INDEX('INPUT - Roster'!$L$1:$L$206,Grid!$B21)&"")) | M49: =IF(Grid!$B21="","",TRIM(INDEX('INPUT - Roster'!$M$1:$M$206,Grid!$B21)&"")) | N49: =Grid!F21 | O49: =Grid!AI21 | P49: =Grid!BL21 | Q49: =IF(Grid!$D21="","",INDEX(Grid!$F$2:$AG$2,Grid!$D21)) | R49: =IF(Grid!$D21="","",INDEX(Grid!$F21:$AG21,Grid!$D21)) | S49: =IF(Grid!$B21="","",IFERROR(TRIM(INDEX('BHP Site Access'!$G$3:$G$104,MATCH(LOWER(TRIM(INDEX('INPUT - Roster'!$D$1:$D$206,Grid!$B21)&"")&"|"&TRIM(INDEX('INPUT - Roster'!$E$1:$E$206,Grid!$B21)&"")),Calc!$AX$3:$AX$104,0))&""),"Not listed")) | T49: =IF(OR(Grid!$B21="",ISNUMBER(SEARCH("demob",E49))),"",IF(AND(UPPER(TRIM(J49&""))="YES",UPPER(TRIM(K49&""))="YES",UPPER(TRIM(L49&""))="YES",LEFT(UPPER(M49),14)="QUALS COMPLETE"),"","GAP")) | U49: =IF(Grid!$B21="",0,IF(AND(OR(Dashboard!$D$9="All",D49=Dashboard!$D$9),OR(Dashboard!$J$9="All",E49=Dashboard!$J$9)),1,0))
B50: =IF(Grid!$B22="","",20) | C50: =IF(Grid!$B22="","",TRIM(INDEX('INPUT - Roster'!$F$1:$F$206,Grid!$B22)&"")) | D50: =IF(Grid!$B22="","",TRIM(INDEX('INPUT - Roster'!$C$1:$C$206,Grid!$B22)&"")) | E50: =IF(Grid!$B22="","",INDEX(Index!$C$2:$C$202,MATCH(Grid!$B22,Index!$A$2:$A$202,0))) | F50: =IF(Grid!$B22="","",TRIM(INDEX('INPUT - Roster'!$H$1:$H$206,Grid!$B22)&"")) | G50: =IF(Grid!$B22="","",TRIM(INDEX('INPUT - Roster'!$G$1:$G$206,Grid!$B22)&"")) | H50: =IF(Grid!$B22="","",TRIM(INDEX('INPUT - Roster'!$R$1:$R$206,Grid!$B22)&"")) | I50: =IF(Grid!$B22="","",TRIM(INDEX('INPUT - Roster'!$O$1:$O$206,Grid!$B22)&"")) | J50: =IF(Grid!$B22="","",TRIM(INDEX('INPUT - Roster'!$J$1:$J$206,Grid!$B22)&"")) | K50: =IF(Grid!$B22="","",TRIM(INDEX('INPUT - Roster'!$K$1:$K$206,Grid!$B22)&"")) | L50: =IF(Grid!$B22="","",TRIM(INDEX('INPUT - Roster'!$L$1:$L$206,Grid!$B22)&"")) | M50: =IF(Grid!$B22="","",TRIM(INDEX('INPUT - Roster'!$M$1:$M$206,Grid!$B22)&"")) | N50: =Grid!F22 | O50: =Grid!AI22 | P50: =Grid!BL22 | Q50: =IF(Grid!$D22="","",INDEX(Grid!$F$2:$AG$2,Grid!$D22)) | R50: =IF(Grid!$D22="","",INDEX(Grid!$F22:$AG22,Grid!$D22)) | S50: =IF(Grid!$B22="","",IFERROR(TRIM(INDEX('BHP Site Access'!$G$3:$G$104,MATCH(LOWER(TRIM(INDEX('INPUT - Roster'!$D$1:$D$206,Grid!$B22)&"")&"|"&TRIM(INDEX('INPUT - Roster'!$E$1:$E$206,Grid!$B22)&"")),Calc!$AX$3:$AX$104,0))&""),"Not listed")) | T50: =IF(OR(Grid!$B22="",ISNUMBER(SEARCH("demob",E50))),"",IF(AND(UPPER(TRIM(J50&""))="YES",UPPER(TRIM(K50&""))="YES",UPPER(TRIM(L50&""))="YES",LEFT(UPPER(M50),14)="QUALS COMPLETE"),"","GAP")) | U50: =IF(Grid!$B22="",0,IF(AND(OR(Dashboard!$D$9="All",D50=Dashboard!$D$9),OR(Dashboard!$J$9="All",E50=Dashboard!$J$9)),1,0))
B51: =IF(Grid!$B23="","",21) | C51: =IF(Grid!$B23="","",TRIM(INDEX('INPUT - Roster'!$F$1:$F$206,Grid!$B23)&"")) | D51: =IF(Grid!$B23="","",TRIM(INDEX('INPUT - Roster'!$C$1:$C$206,Grid!$B23)&"")) | E51: =IF(Grid!$B23="","",INDEX(Index!$C$2:$C$202,MATCH(Grid!$B23,Index!$A$2:$A$202,0))) | F51: =IF(Grid!$B23="","",TRIM(INDEX('INPUT - Roster'!$H$1:$H$206,Grid!$B23)&"")) | G51: =IF(Grid!$B23="","",TRIM(INDEX('INPUT - Roster'!$G$1:$G$206,Grid!$B23)&"")) | H51: =IF(Grid!$B23="","",TRIM(INDEX('INPUT - Roster'!$R$1:$R$206,Grid!$B23)&"")) | I51: =IF(Grid!$B23="","",TRIM(INDEX('INPUT - Roster'!$O$1:$O$206,Grid!$B23)&"")) | J51: =IF(Grid!$B23="","",TRIM(INDEX('INPUT - Roster'!$J$1:$J$206,Grid!$B23)&"")) | K51: =IF(Grid!$B23="","",TRIM(INDEX('INPUT - Roster'!$K$1:$K$206,Grid!$B23)&"")) | L51: =IF(Grid!$B23="","",TRIM(INDEX('INPUT - Roster'!$L$1:$L$206,Grid!$B23)&"")) | M51: =IF(Grid!$B23="","",TRIM(INDEX('INPUT - Roster'!$M$1:$M$206,Grid!$B23)&"")) | N51: =Grid!F23 | O51: =Grid!AI23 | P51: =Grid!BL23 | Q51: =IF(Grid!$D23="","",INDEX(Grid!$F$2:$AG$2,Grid!$D23)) | R51: =IF(Grid!$D23="","",INDEX(Grid!$F23:$AG23,Grid!$D23)) | S51: =IF(Grid!$B23="","",IFERROR(TRIM(INDEX('BHP Site Access'!$G$3:$G$104,MATCH(LOWER(TRIM(INDEX('INPUT - Roster'!$D$1:$D$206,Grid!$B23)&"")&"|"&TRIM(INDEX('INPUT - Roster'!$E$1:$E$206,Grid!$B23)&"")),Calc!$AX$3:$AX$104,0))&""),"Not listed")) | T51: =IF(OR(Grid!$B23="",ISNUMBER(SEARCH("demob",E51))),"",IF(AND(UPPER(TRIM(J51&""))="YES",UPPER(TRIM(K51&""))="YES",UPPER(TRIM(L51&""))="YES",LEFT(UPPER(M51),14)="QUALS COMPLETE"),"","GAP")) | U51: =IF(Grid!$B23="",0,IF(AND(OR(Dashboard!$D$9="All",D51=Dashboard!$D$9),OR(Dashboard!$J$9="All",E51=Dashboard!$J$9)),1,0))
B52: =IF(Grid!$B24="","",22) | C52: =IF(Grid!$B24="","",TRIM(INDEX('INPUT - Roster'!$F$1:$F$206,Grid!$B24)&"")) | D52: =IF(Grid!$B24="","",TRIM(INDEX('INPUT - Roster'!$C$1:$C$206,Grid!$B24)&"")) | E52: =IF(Grid!$B24="","",INDEX(Index!$C$2:$C$202,MATCH(Grid!$B24,Index!$A$2:$A$202,0))) | F52: =IF(Grid!$B24="","",TRIM(INDEX('INPUT - Roster'!$H$1:$H$206,Grid!$B24)&"")) | G52: =IF(Grid!$B24="","",TRIM(INDEX('INPUT - Roster'!$G$1:$G$206,Grid!$B24)&"")) | H52: =IF(Grid!$B24="","",TRIM(INDEX('INPUT - Roster'!$R$1:$R$206,Grid!$B24)&"")) | I52: =IF(Grid!$B24="","",TRIM(INDEX('INPUT - Roster'!$O$1:$O$206,Grid!$B24)&"")) | J52: =IF(Grid!$B24="","",TRIM(INDEX('INPUT - Roster'!$J$1:$J$206,Grid!$B24)&"")) | K52: =IF(Grid!$B24="","",TRIM(INDEX('INPUT - Roster'!$K$1:$K$206,Grid!$B24)&"")) | L52: =IF(Grid!$B24="","",TRIM(INDEX('INPUT - Roster'!$L$1:$L$206,Grid!$B24)&"")) | M52: =IF(Grid!$B24="","",TRIM(INDEX('INPUT - Roster'!$M$1:$M$206,Grid!$B24)&"")) | N52: =Grid!F24 | O52: =Grid!AI24 | P52: =Grid!BL24 | Q52: =IF(Grid!$D24="","",INDEX(Grid!$F$2:$AG$2,Grid!$D24)) | R52: =IF(Grid!$D24="","",INDEX(Grid!$F24:$AG24,Grid!$D24)) | S52: =IF(Grid!$B24="","",IFERROR(TRIM(INDEX('BHP Site Access'!$G$3:$G$104,MATCH(LOWER(TRIM(INDEX('INPUT - Roster'!$D$1:$D$206,Grid!$B24)&"")&"|"&TRIM(INDEX('INPUT - Roster'!$E$1:$E$206,Grid!$B24)&"")),Calc!$AX$3:$AX$104,0))&""),"Not listed")) | T52: =IF(OR(Grid!$B24="",ISNUMBER(SEARCH("demob",E52))),"",IF(AND(UPPER(TRIM(J52&""))="YES",UPPER(TRIM(K52&""))="YES",UPPER(TRIM(L52&""))="YES",LEFT(UPPER(M52),14)="QUALS COMPLETE"),"","GAP")) | U52: =IF(Grid!$B24="",0,IF(AND(OR(Dashboard!$D$9="All",D52=Dashboard!$D$9),OR(Dashboard!$J$9="All",E52=Dashboard!$J$9)),1,0))
B53: =IF(Grid!$B25="","",23) | C53: =IF(Grid!$B25="","",TRIM(INDEX('INPUT - Roster'!$F$1:$F$206,Grid!$B25)&"")) | D53: =IF(Grid!$B25="","",TRIM(INDEX('INPUT - Roster'!$C$1:$C$206,Grid!$B25)&"")) | E53: =IF(Grid!$B25="","",INDEX(Index!$C$2:$C$202,MATCH(Grid!$B25,Index!$A$2:$A$202,0))) | F53: =IF(Grid!$B25="","",TRIM(INDEX('INPUT - Roster'!$H$1:$H$206,Grid!$B25)&"")) | G53: =IF(Grid!$B25="","",TRIM(INDEX('INPUT - Roster'!$G$1:$G$206,Grid!$B25)&"")) | H53: =IF(Grid!$B25="","",TRIM(INDEX('INPUT - Roster'!$R$1:$R$206,Grid!$B25)&"")) | I53: =IF(Grid!$B25="","",TRIM(INDEX('INPUT - Roster'!$O$1:$O$206,Grid!$B25)&"")) | J53: =IF(Grid!$B25="","",TRIM(INDEX('INPUT - Roster'!$J$1:$J$206,Grid!$B25)&"")) | K53: =IF(Grid!$B25="","",TRIM(INDEX('INPUT - Roster'!$K$1:$K$206,Grid!$B25)&"")) | L53: =IF(Grid!$B25="","",TRIM(INDEX('INPUT - Roster'!$L$1:$L$206,Grid!$B25)&"")) | M53: =IF(Grid!$B25="","",TRIM(INDEX('INPUT - Roster'!$M$1:$M$206,Grid!$B25)&"")) | N53: =Grid!F25 | O53: =Grid!AI25 | P53: =Grid!BL25 | Q53: =IF(Grid!$D25="","",INDEX(Grid!$F$2:$AG$2,Grid!$D25)) | R53: =IF(Grid!$D25="","",INDEX(Grid!$F25:$AG25,Grid!$D25)) | S53: =IF(Grid!$B25="","",IFERROR(TRIM(INDEX('BHP Site Access'!$G$3:$G$104,MATCH(LOWER(TRIM(INDEX('INPUT - Roster'!$D$1:$D$206,Grid!$B25)&"")&"|"&TRIM(INDEX('INPUT - Roster'!$E$1:$E$206,Grid!$B25)&"")),Calc!$AX$3:$AX$104,0))&""),"Not listed")) | T53: =IF(OR(Grid!$B25="",ISNUMBER(SEARCH("demob",E53))),"",IF(AND(UPPER(TRIM(J53&""))="YES",UPPER(TRIM(K53&""))="YES",UPPER(TRIM(L53&""))="YES",LEFT(UPPER(M53),14)="QUALS COMPLETE"),"","GAP")) | U53: =IF(Grid!$B25="",0,IF(AND(OR(Dashboard!$D$9="All",D53=Dashboard!$D$9),OR(Dashboard!$J$9="All",E53=Dashboard!$J$9)),1,0))
B54: =IF(Grid!$B26="","",24) | C54: =IF(Grid!$B26="","",TRIM(INDEX('INPUT - Roster'!$F$1:$F$206,Grid!$B26)&"")) | D54: =IF(Grid!$B26="","",TRIM(INDEX('INPUT - Roster'!$C$1:$C$206,Grid!$B26)&"")) | E54: =IF(Grid!$B26="","",INDEX(Index!$C$2:$C$202,MATCH(Grid!$B26,Index!$A$2:$A$202,0))) | F54: =IF(Grid!$B26="","",TRIM(INDEX('INPUT - Roster'!$H$1:$H$206,Grid!$B26)&"")) | G54: =IF(Grid!$B26="","",TRIM(INDEX('INPUT - Roster'!$G$1:$G$206,Grid!$B26)&"")) | H54: =IF(Grid!$B26="","",TRIM(INDEX('INPUT - Roster'!$R$1:$R$206,Grid!$B26)&"")) | I54: =IF(Grid!$B26="","",TRIM(INDEX('INPUT - Roster'!$O$1:$O$206,Grid!$B26)&"")) | J54: =IF(Grid!$B26="","",TRIM(INDEX('INPUT - Roster'!$J$1:$J$206,Grid!$B26)&"")) | K54: =IF(Grid!$B26="","",TRIM(INDEX('INPUT - Roster'!$K$1:$K$206,Grid!$B26)&"")) | L54: =IF(Grid!$B26="","",TRIM(INDEX('INPUT - Roster'!$L$1:$L$206,Grid!$B26)&"")) | M54: =IF(Grid!$B26="","",TRIM(INDEX('INPUT - Roster'!$M$1:$M$206,Grid!$B26)&"")) | N54: =Grid!F26 | O54: =Grid!AI26 | P54: =Grid!BL26 | Q54: =IF(Grid!$D26="","",INDEX(Grid!$F$2:$AG$2,Grid!$D26)) | R54: =IF(Grid!$D26="","",INDEX(Grid!$F26:$AG26,Grid!$D26)) | S54: =IF(Grid!$B26="","",IFERROR(TRIM(INDEX('BHP Site Access'!$G$3:$G$104,MATCH(LOWER(TRIM(INDEX('INPUT - Roster'!$D$1:$D$206,Grid!$B26)&"")&"|"&TRIM(INDEX('INPUT - Roster'!$E$1:$E$206,Grid!$B26)&"")),Calc!$AX$3:$AX$104,0))&""),"Not listed")) | T54: =IF(OR(Grid!$B26="",ISNUMBER(SEARCH("demob",E54))),"",IF(AND(UPPER(TRIM(J54&""))="YES",UPPER(TRIM(K54&""))="YES",UPPER(TRIM(L54&""))="YES",LEFT(UPPER(M54),14)="QUALS COMPLETE"),"","GAP")) | U54: =IF(Grid!$B26="",0,IF(AND(OR(Dashboard!$D$9="All",D54=Dashboard!$D$9),OR(Dashboard!$J$9="All",E54=Dashboard!$J$9)),1,0))
B55: =IF(Grid!$B27="","",25) | C55: =IF(Grid!$B27="","",TRIM(INDEX('INPUT - Roster'!$F$1:$F$206,Grid!$B27)&"")) | D55: =IF(Grid!$B27="","",TRIM(INDEX('INPUT - Roster'!$C$1:$C$206,Grid!$B27)&"")) | E55: =IF(Grid!$B27="","",INDEX(Index!$C$2:$C$202,MATCH(Grid!$B27,Index!$A$2:$A$202,0))) | F55: =IF(Grid!$B27="","",TRIM(INDEX('INPUT - Roster'!$H$1:$H$206,Grid!$B27)&"")) | G55: =IF(Grid!$B27="","",TRIM(INDEX('INPUT - Roster'!$G$1:$G$206,Grid!$B27)&"")) | H55: =IF(Grid!$B27="","",TRIM(INDEX('INPUT - Roster'!$R$1:$R$206,Grid!$B27)&"")) | I55: =IF(Grid!$B27="","",TRIM(INDEX('INPUT - Roster'!$O$1:$O$206,Grid!$B27)&"")) | J55: =IF(Grid!$B27="","",TRIM(INDEX('INPUT - Roster'!$J$1:$J$206,Grid!$B27)&"")) | K55: =IF(Grid!$B27="","",TRIM(INDEX('INPUT - Roster'!$K$1:$K$206,Grid!$B27)&"")) | L55: =IF(Grid!$B27="","",TRIM(INDEX('INPUT - Roster'!$L$1:$L$206,Grid!$B27)&"")) | M55: =IF(Grid!$B27="","",TRIM(INDEX('INPUT - Roster'!$M$1:$M$206,Grid!$B27)&"")) | N55: =Grid!F27 | O55: =Grid!AI27 | P55: =Grid!BL27 | Q55: =IF(Grid!$D27="","",INDEX(Grid!$F$2:$AG$2,Grid!$D27)) | R55: =IF(Grid!$D27="","",INDEX(Grid!$F27:$AG27,Grid!$D27)) | S55: =IF(Grid!$B27="","",IFERROR(TRIM(INDEX('BHP Site Access'!$G$3:$G$104,MATCH(LOWER(TRIM(INDEX('INPUT - Roster'!$D$1:$D$206,Grid!$B27)&"")&"|"&TRIM(INDEX('INPUT - Roster'!$E$1:$E$206,Grid!$B27)&"")),Calc!$AX$3:$AX$104,0))&""),"Not listed")) | T55: =IF(OR(Grid!$B27="",ISNUMBER(SEARCH("demob",E55))),"",IF(AND(UPPER(TRIM(J55&""))="YES",UPPER(TRIM(K55&""))="YES",UPPER(TRIM(L55&""))="YES",LEFT(UPPER(M55),14)="QUALS COMPLETE"),"","GAP")) | U55: =IF(Grid!$B27="",0,IF(AND(OR(Dashboard!$D$9="All",D55=Dashboard!$D$9),OR(Dashboard!$J$9="All",E55=Dashboard!$J$9)),1,0))
B56: =IF(Grid!$B28="","",26) | C56: =IF(Grid!$B28="","",TRIM(INDEX('INPUT - Roster'!$F$1:$F$206,Grid!$B28)&"")) | D56: =IF(Grid!$B28="","",TRIM(INDEX('INPUT - Roster'!$C$1:$C$206,Grid!$B28)&"")) | E56: =IF(Grid!$B28="","",INDEX(Index!$C$2:$C$202,MATCH(Grid!$B28,Index!$A$2:$A$202,0))) | F56: =IF(Grid!$B28="","",TRIM(INDEX('INPUT - Roster'!$H$1:$H$206,Grid!$B28)&"")) | G56: =IF(Grid!$B28="","",TRIM(INDEX('INPUT - Roster'!$G$1:$G$206,Grid!$B28)&"")) | H56: =IF(Grid!$B28="","",TRIM(INDEX('INPUT - Roster'!$R$1:$R$206,Grid!$B28)&"")) | I56: =IF(Grid!$B28="","",TRIM(INDEX('INPUT - Roster'!$O$1:$O$206,Grid!$B28)&"")) | J56: =IF(Grid!$B28="","",TRIM(INDEX('INPUT - Roster'!$J$1:$J$206,Grid!$B28)&"")) | K56: =IF(Grid!$B28="","",TRIM(INDEX('INPUT - Roster'!$K$1:$K$206,Grid!$B28)&"")) | L56: =IF(Grid!$B28="","",TRIM(INDEX('INPUT - Roster'!$L$1:$L$206,Grid!$B28)&"")) | M56: =IF(Grid!$B28="","",TRIM(INDEX('INPUT - Roster'!$M$1:$M$206,Grid!$B28)&"")) | N56: =Grid!F28 | O56: =Grid!AI28 | P56: =Grid!BL28 | Q56: =IF(Grid!$D28="","",INDEX(Grid!$F$2:$AG$2,Grid!$D28)) | R56: =IF(Grid!$D28="","",INDEX(Grid!$F28:$AG28,Grid!$D28)) | S56: =IF(Grid!$B28="","",IFERROR(TRIM(INDEX('BHP Site Access'!$G$3:$G$104,MATCH(LOWER(TRIM(INDEX('INPUT - Roster'!$D$1:$D$206,Grid!$B28)&"")&"|"&TRIM(INDEX('INPUT - Roster'!$E$1:$E$206,Grid!$B28)&"")),Calc!$AX$3:$AX$104,0))&""),"Not listed")) | T56: =IF(OR(Grid!$B28="",ISNUMBER(SEARCH("demob",E56))),"",IF(AND(UPPER(TRIM(J56&""))="YES",UPPER(TRIM(K56&""))="YES",UPPER(TRIM(L56&""))="YES",LEFT(UPPER(M56),14)="QUALS COMPLETE"),"","GAP")) | U56: =IF(Grid!$B28="",0,IF(AND(OR(Dashboard!$D$9="All",D56=Dashboard!$D$9),OR(Dashboard!$J$9="All",E56=Dashboard!$J$9)),1,0))
B57: =IF(Grid!$B29="","",27) | C57: =IF(Grid!$B29="","",TRIM(INDEX('INPUT - Roster'!$F$1:$F$206,Grid!$B29)&"")) | D57: =IF(Grid!$B29="","",TRIM(INDEX('INPUT - Roster'!$C$1:$C$206,Grid!$B29)&"")) | E57: =IF(Grid!$B29="","",INDEX(Index!$C$2:$C$202,MATCH(Grid!$B29,Index!$A$2:$A$202,0))) | F57: =IF(Grid!$B29="","",TRIM(INDEX('INPUT - Roster'!$H$1:$H$206,Grid!$B29)&"")) | G57: =IF(Grid!$B29="","",TRIM(INDEX('INPUT - Roster'!$G$1:$G$206,Grid!$B29)&"")) | H57: =IF(Grid!$B29="","",TRIM(INDEX('INPUT - Roster'!$R$1:$R$206,Grid!$B29)&"")) | I57: =IF(Grid!$B29="","",TRIM(INDEX('INPUT - Roster'!$O$1:$O$206,Grid!$B29)&"")) | J57: =IF(Grid!$B29="","",TRIM(INDEX('INPUT - Roster'!$J$1:$J$206,Grid!$B29)&"")) | K57: =IF(Grid!$B29="","",TRIM(INDEX('INPUT - Roster'!$K$1:$K$206,Grid!$B29)&"")) | L57: =IF(Grid!$B29="","",TRIM(INDEX('INPUT - Roster'!$L$1:$L$206,Grid!$B29)&"")) | M57: =IF(Grid!$B29="","",TRIM(INDEX('INPUT - Roster'!$M$1:$M$206,Grid!$B29)&"")) | N57: =Grid!F29 | O57: =Grid!AI29 | P57: =Grid!BL29 | Q57: =IF(Grid!$D29="","",INDEX(Grid!$F$2:$AG$2,Grid!$D29)) | R57: =IF(Grid!$D29="","",INDEX(Grid!$F29:$AG29,Grid!$D29)) | S57: =IF(Grid!$B29="","",IFERROR(TRIM(INDEX('BHP Site Access'!$G$3:$G$104,MATCH(LOWER(TRIM(INDEX('INPUT - Roster'!$D$1:$D$206,Grid!$B29)&"")&"|"&TRIM(INDEX('INPUT - Roster'!$E$1:$E$206,Grid!$B29)&"")),Calc!$AX$3:$AX$104,0))&""),"Not listed")) | T57: =IF(OR(Grid!$B29="",ISNUMBER(SEARCH("demob",E57))),"",IF(AND(UPPER(TRIM(J57&""))="YES",UPPER(TRIM(K57&""))="YES",UPPER(TRIM(L57&""))="YES",LEFT(UPPER(M57),14)="QUALS COMPLETE"),"","GAP")) | U57: =IF(Grid!$B29="",0,IF(AND(OR(Dashboard!$D$9="All",D57=Dashboard!$D$9),OR(Dashboard!$J$9="All",E57=Dashboard!$J$9)),1,0))
B58: =IF(Grid!$B30="","",28) | C58: =IF(Grid!$B30="","",TRIM(INDEX('INPUT - Roster'!$F$1:$F$206,Grid!$B30)&"")) | D58: =IF(Grid!$B30="","",TRIM(INDEX('INPUT - Roster'!$C$1:$C$206,Grid!$B30)&"")) | E58: =IF(Grid!$B30="","",INDEX(Index!$C$2:$C$202,MATCH(Grid!$B30,Index!$A$2:$A$202,0))) | F58: =IF(Grid!$B30="","",TRIM(INDEX('INPUT - Roster'!$H$1:$H$206,Grid!$B30)&"")) | G58: =IF(Grid!$B30="","",TRIM(INDEX('INPUT - Roster'!$G$1:$G$206,Grid!$B30)&"")) | H58: =IF(Grid!$B30="","",TRIM(INDEX('INPUT - Roster'!$R$1:$R$206,Grid!$B30)&"")) | I58: =IF(Grid!$B30="","",TRIM(INDEX('INPUT - Roster'!$O$1:$O$206,Grid!$B30)&"")) | J58: =IF(Grid!$B30="","",TRIM(INDEX('INPUT - Roster'!$J$1:$J$206,Grid!$B30)&"")) | K58: =IF(Grid!$B30="","",TRIM(INDEX('INPUT - Roster'!$K$1:$K$206,Grid!$B30)&"")) | L58: =IF(Grid!$B30="","",TRIM(INDEX('INPUT - Roster'!$L$1:$L$206,Grid!$B30)&"")) | M58: =IF(Grid!$B30="","",TRIM(INDEX('INPUT - Roster'!$M$1:$M$206,Grid!$B30)&"")) | N58: =Grid!F30 | O58: =Grid!AI30 | P58: =Grid!BL30 | Q58: =IF(Grid!$D30="","",INDEX(Grid!$F$2:$AG$2,Grid!$D30)) | R58: =IF(Grid!$D30="","",INDEX(Grid!$F30:$AG30,Grid!$D30)) | S58: =IF(Grid!$B30="","",IFERROR(TRIM(INDEX('BHP Site Access'!$G$3:$G$104,MATCH(LOWER(TRIM(INDEX('INPUT - Roster'!$D$1:$D$206,Grid!$B30)&"")&"|"&TRIM(INDEX('INPUT - Roster'!$E$1:$E$206,Grid!$B30)&"")),Calc!$AX$3:$AX$104,0))&""),"Not listed")) | T58: =IF(OR(Grid!$B30="",ISNUMBER(SEARCH("demob",E58))),"",IF(AND(UPPER(TRIM(J58&""))="YES",UPPER(TRIM(K58&""))="YES",UPPER(TRIM(L58&""))="YES",LEFT(UPPER(M58),14)="QUALS COMPLETE"),"","GAP")) | U58: =IF(Grid!$B30="",0,IF(AND(OR(Dashboard!$D$9="All",D58=Dashboard!$D$9),OR(Dashboard!$J$9="All",E58=Dashboard!$J$9)),1,0))
B59: =IF(Grid!$B31="","",29) | C59: =IF(Grid!$B31="","",TRIM(INDEX('INPUT - Roster'!$F$1:$F$206,Grid!$B31)&"")) | D59: =IF(Grid!$B31="","",TRIM(INDEX('INPUT - Roster'!$C$1:$C$206,Grid!$B31)&"")) | E59: =IF(Grid!$B31="","",INDEX(Index!$C$2:$C$202,MATCH(Grid!$B31,Index!$A$2:$A$202,0))) | F59: =IF(Grid!$B31="","",TRIM(INDEX('INPUT - Roster'!$H$1:$H$206,Grid!$B31)&"")) | G59: =IF(Grid!$B31="","",TRIM(INDEX('INPUT - Roster'!$G$1:$G$206,Grid!$B31)&"")) | H59: =IF(Grid!$B31="","",TRIM(INDEX('INPUT - Roster'!$R$1:$R$206,Grid!$B31)&"")) | I59: =IF(Grid!$B31="","",TRIM(INDEX('INPUT - Roster'!$O$1:$O$206,Grid!$B31)&"")) | J59: =IF(Grid!$B31="","",TRIM(INDEX('INPUT - Roster'!$J$1:$J$206,Grid!$B31)&"")) | K59: =IF(Grid!$B31="","",TRIM(INDEX('INPUT - Roster'!$K$1:$K$206,Grid!$B31)&"")) | L59: =IF(Grid!$B31="","",TRIM(INDEX('INPUT - Roster'!$L$1:$L$206,Grid!$B31)&"")) | M59: =IF(Grid!$B31="","",TRIM(INDEX('INPUT - Roster'!$M$1:$M$206,Grid!$B31)&"")) | N59: =Grid!F31 | O59: =Grid!AI31 | P59: =Grid!BL31 | Q59: =IF(Grid!$D31="","",INDEX(Grid!$F$2:$AG$2,Grid!$D31)) | R59: =IF(Grid!$D31="","",INDEX(Grid!$F31:$AG31,Grid!$D31)) | S59: =IF(Grid!$B31="","",IFERROR(TRIM(INDEX('BHP Site Access'!$G$3:$G$104,MATCH(LOWER(TRIM(INDEX('INPUT - Roster'!$D$1:$D$206,Grid!$B31)&"")&"|"&TRIM(INDEX('INPUT - Roster'!$E$1:$E$206,Grid!$B31)&"")),Calc!$AX$3:$AX$104,0))&""),"Not listed")) | T59: =IF(OR(Grid!$B31="",ISNUMBER(SEARCH("demob",E59))),"",IF(AND(UPPER(TRIM(J59&""))="YES",UPPER(TRIM(K59&""))="YES",UPPER(TRIM(L59&""))="YES",LEFT(UPPER(M59),14)="QUALS COMPLETE"),"","GAP")) | U59: =IF(Grid!$B31="",0,IF(AND(OR(Dashboard!$D$9="All",D59=Dashboard!$D$9),OR(Dashboard!$J$9="All",E59=Dashboard!$J$9)),1,0))
B60: =IF(Grid!$B32="","",30) | C60: =IF(Grid!$B32="","",TRIM(INDEX('INPUT - Roster'!$F$1:$F$206,Grid!$B32)&"")) | D60: =IF(Grid!$B32="","",TRIM(INDEX('INPUT - Roster'!$C$1:$C$206,Grid!$B32)&"")) | E60: =IF(Grid!$B32="","",INDEX(Index!$C$2:$C$202,MATCH(Grid!$B32,Index!$A$2:$A$202,0))) | F60: =IF(Grid!$B32="","",TRIM(INDEX('INPUT - Roster'!$H$1:$H$206,Grid!$B32)&"")) | G60: =IF(Grid!$B32="","",TRIM(INDEX('INPUT - Roster'!$G$1:$G$206,Grid!$B32)&"")) | H60: =IF(Grid!$B32="","",TRIM(INDEX('INPUT - Roster'!$R$1:$R$206,Grid!$B32)&"")) | I60: =IF(Grid!$B32="","",TRIM(INDEX('INPUT - Roster'!$O$1:$O$206,Grid!$B32)&"")) | J60: =IF(Grid!$B32="","",TRIM(INDEX('INPUT - Roster'!$J$1:$J$206,Grid!$B32)&"")) | K60: =IF(Grid!$B32="","",TRIM(INDEX('INPUT - Roster'!$K$1:$K$206,Grid!$B32)&"")) | L60: =IF(Grid!$B32="","",TRIM(INDEX('INPUT - Roster'!$L$1:$L$206,Grid!$B32)&"")) | M60: =IF(Grid!$B32="","",TRIM(INDEX('INPUT - Roster'!$M$1:$M$206,Grid!$B32)&"")) | N60: =Grid!F32 | O60: =Grid!AI32 | P60: =Grid!BL32 | Q60: =IF(Grid!$D32="","",INDEX(Grid!$F$2:$AG$2,Grid!$D32)) | R60: =IF(Grid!$D32="","",INDEX(Grid!$F32:$AG32,Grid!$D32)) | S60: =IF(Grid!$B32="","",IFERROR(TRIM(INDEX('BHP Site Access'!$G$3:$G$104,MATCH(LOWER(TRIM(INDEX('INPUT - Roster'!$D$1:$D$206,Grid!$B32)&"")&"|"&TRIM(INDEX('INPUT - Roster'!$E$1:$E$206,Grid!$B32)&"")),Calc!$AX$3:$AX$104,0))&""),"Not listed")) | T60: =IF(OR(Grid!$B32="",ISNUMBER(SEARCH("demob",E60))),"",IF(AND(UPPER(TRIM(J60&""))="YES",UPPER(TRIM(K60&""))="YES",UPPER(TRIM(L60&""))="YES",LEFT(UPPER(M60),14)="QUALS COMPLETE"),"","GAP")) | U60: =IF(Grid!$B32="",0,IF(AND(OR(Dashboard!$D$9="All",D60=Dashboard!$D$9),OR(Dashboard!$J$9="All",E60=Dashboard!$J$9)),1,0))
B61: =IF(Grid!$B33="","",31) | C61: =IF(Grid!$B33="","",TRIM(INDEX('INPUT - Roster'!$F$1:$F$206,Grid!$B33)&"")) | D61: =IF(Grid!$B33="","",TRIM(INDEX('INPUT - Roster'!$C$1:$C$206,Grid!$B33)&"")) | E61: =IF(Grid!$B33="","",INDEX(Index!$C$2:$C$202,MATCH(Grid!$B33,Index!$A$2:$A$202,0))) | F61: =IF(Grid!$B33="","",TRIM(INDEX('INPUT - Roster'!$H$1:$H$206,Grid!$B33)&"")) | G61: =IF(Grid!$B33="","",TRIM(INDEX('INPUT - Roster'!$G$1:$G$206,Grid!$B33)&"")) | H61: =IF(Grid!$B33="","",TRIM(INDEX('INPUT - Roster'!$R$1:$R$206,Grid!$B33)&"")) | I61: =IF(Grid!$B33="","",TRIM(INDEX('INPUT - Roster'!$O$1:$O$206,Grid!$B33)&"")) | J61: =IF(Grid!$B33="","",TRIM(INDEX('INPUT - Roster'!$J$1:$J$206,Grid!$B33)&"")) | K61: =IF(Grid!$B33="","",TRIM(INDEX('INPUT - Roster'!$K$1:$K$206,Grid!$B33)&"")) | L61: =IF(Grid!$B33="","",TRIM(INDEX('INPUT - Roster'!$L$1:$L$206,Grid!$B33)&"")) | M61: =IF(Grid!$B33="","",TRIM(INDEX('INPUT - Roster'!$M$1:$M$206,Grid!$B33)&"")) | N61: =Grid!F33 | O61: =Grid!AI33 | P61: =Grid!BL33 | Q61: =IF(Grid!$D33="","",INDEX(Grid!$F$2:$AG$2,Grid!$D33)) | R61: =IF(Grid!$D33="","",INDEX(Grid!$F33:$AG33,Grid!$D33)) | S61: =IF(Grid!$B33="","",IFERROR(TRIM(INDEX('BHP Site Access'!$G$3:$G$104,MATCH(LOWER(TRIM(INDEX('INPUT - Roster'!$D$1:$D$206,Grid!$B33)&"")&"|"&TRIM(INDEX('INPUT - Roster'!$E$1:$E$206,Grid!$B33)&"")),Calc!$AX$3:$AX$104,0))&""),"Not listed")) | T61: =IF(OR(Grid!$B33="",ISNUMBER(SEARCH("demob",E61))),"",IF(AND(UPPER(TRIM(J61&""))="YES",UPPER(TRIM(K61&""))="YES",UPPER(TRIM(L61&""))="YES",LEFT(UPPER(M61),14)="QUALS COMPLETE"),"","GAP")) | U61: =IF(Grid!$B33="",0,IF(AND(OR(Dashboard!$D$9="All",D61=Dashboard!$D$9),OR(Dashboard!$J$9="All",E61=Dashboard!$J$9)),1,0))
B62: =IF(Grid!$B34="","",32) | C62: =IF(Grid!$B34="","",TRIM(INDEX('INPUT - Roster'!$F$1:$F$206,Grid!$B34)&"")) | D62: =IF(Grid!$B34="","",TRIM(INDEX('INPUT - Roster'!$C$1:$C$206,Grid!$B34)&"")) | E62: =IF(Grid!$B34="","",INDEX(Index!$C$2:$C$202,MATCH(Grid!$B34,Index!$A$2:$A$202,0))) | F62: =IF(Grid!$B34="","",TRIM(INDEX('INPUT - Roster'!$H$1:$H$206,Grid!$B34)&"")) | G62: =IF(Grid!$B34="","",TRIM(INDEX('INPUT - Roster'!$G$1:$G$206,Grid!$B34)&"")) | H62: =IF(Grid!$B34="","",TRIM(INDEX('INPUT - Roster'!$R$1:$R$206,Grid!$B34)&"")) | I62: =IF(Grid!$B34="","",TRIM(INDEX('INPUT - Roster'!$O$1:$O$206,Grid!$B34)&"")) | J62: =IF(Grid!$B34="","",TRIM(INDEX('INPUT - Roster'!$J$1:$J$206,Grid!$B34)&"")) | K62: =IF(Grid!$B34="","",TRIM(INDEX('INPUT - Roster'!$K$1:$K$206,Grid!$B34)&"")) | L62: =IF(Grid!$B34="","",TRIM(INDEX('INPUT - Roster'!$L$1:$L$206,Grid!$B34)&"")) | M62: =IF(Grid!$B34="","",TRIM(INDEX('INPUT - Roster'!$M$1:$M$206,Grid!$B34)&"")) | N62: =Grid!F34 | O62: =Grid!AI34 | P62: =Grid!BL34 | Q62: =IF(Grid!$D34="","",INDEX(Grid!$F$2:$AG$2,Grid!$D34)) | R62: =IF(Grid!$D34="","",INDEX(Grid!$F34:$AG34,Grid!$D34)) | S62: =IF(Grid!$B34="","",IFERROR(TRIM(INDEX('BHP Site Access'!$G$3:$G$104,MATCH(LOWER(TRIM(INDEX('INPUT - Roster'!$D$1:$D$206,Grid!$B34)&"")&"|"&TRIM(INDEX('INPUT - Roster'!$E$1:$E$206,Grid!$B34)&"")),Calc!$AX$3:$AX$104,0))&""),"Not listed")) | T62: =IF(OR(Grid!$B34="",ISNUMBER(SEARCH("demob",E62))),"",IF(AND(UPPER(TRIM(J62&""))="YES",UPPER(TRIM(K62&""))="YES",UPPER(TRIM(L62&""))="YES",LEFT(UPPER(M62),14)="QUALS COMPLETE"),"","GAP")) | U62: =IF(Grid!$B34="",0,IF(AND(OR(Dashboard!$D$9="All",D62=Dashboard!$D$9),OR(Dashboard!$J$9="All",E62=Dashboard!$J$9)),1,0))
B63: =IF(Grid!$B35="","",33) | C63: =IF(Grid!$B35="","",TRIM(INDEX('INPUT - Roster'!$F$1:$F$206,Grid!$B35)&"")) | D63: =IF(Grid!$B35="","",TRIM(INDEX('INPUT - Roster'!$C$1:$C$206,Grid!$B35)&"")) | E63: =IF(Grid!$B35="","",INDEX(Index!$C$2:$C$202,MATCH(Grid!$B35,Index!$A$2:$A$202,0))) | F63: =IF(Grid!$B35="","",TRIM(INDEX('INPUT - Roster'!$H$1:$H$206,Grid!$B35)&"")) | G63: =IF(Grid!$B35="","",TRIM(INDEX('INPUT - Roster'!$G$1:$G$206,Grid!$B35)&"")) | H63: =IF(Grid!$B35="","",TRIM(INDEX('INPUT - Roster'!$R$1:$R$206,Grid!$B35)&"")) | I63: =IF(Grid!$B35="","",TRIM(INDEX('INPUT - Roster'!$O$1:$O$206,Grid!$B35)&"")) | J63: =IF(Grid!$B35="","",TRIM(INDEX('INPUT - Roster'!$J$1:$J$206,Grid!$B35)&"")) | K63: =IF(Grid!$B35="","",TRIM(INDEX('INPUT - Roster'!$K$1:$K$206,Grid!$B35)&"")) | L63: =IF(Grid!$B35="","",TRIM(INDEX('INPUT - Roster'!$L$1:$L$206,Grid!$B35)&"")) | M63: =IF(Grid!$B35="","",TRIM(INDEX('INPUT - Roster'!$M$1:$M$206,Grid!$B35)&"")) | N63: =Grid!F35 | O63: =Grid!AI35 | P63: =Grid!BL35 | Q63: =IF(Grid!$D35="","",INDEX(Grid!$F$2:$AG$2,Grid!$D35)) | R63: =IF(Grid!$D35="","",INDEX(Grid!$F35:$AG35,Grid!$D35)) | S63: =IF(Grid!$B35="","",IFERROR(TRIM(INDEX('BHP Site Access'!$G$3:$G$104,MATCH(LOWER(TRIM(INDEX('INPUT - Roster'!$D$1:$D$206,Grid!$B35)&"")&"|"&TRIM(INDEX('INPUT - Roster'!$E$1:$E$206,Grid!$B35)&"")),Calc!$AX$3:$AX$104,0))&""),"Not listed")) | T63: =IF(OR(Grid!$B35="",ISNUMBER(SEARCH("demob",E63))),"",IF(AND(UPPER(TRIM(J63&""))="YES",UPPER(TRIM(K63&""))="YES",UPPER(TRIM(L63&""))="YES",LEFT(UPPER(M63),14)="QUALS COMPLETE"),"","GAP")) | U63: =IF(Grid!$B35="",0,IF(AND(OR(Dashboard!$D$9="All",D63=Dashboard!$D$9),OR(Dashboard!$J$9="All",E63=Dashboard!$J$9)),1,0))
B64: =IF(Grid!$B36="","",34) | C64: =IF(Grid!$B36="","",TRIM(INDEX('INPUT - Roster'!$F$1:$F$206,Grid!$B36)&"")) | D64: =IF(Grid!$B36="","",TRIM(INDEX('INPUT - Roster'!$C$1:$C$206,Grid!$B36)&"")) | E64: =IF(Grid!$B36="","",INDEX(Index!$C$2:$C$202,MATCH(Grid!$B36,Index!$A$2:$A$202,0))) | F64: =IF(Grid!$B36="","",TRIM(INDEX('INPUT - Roster'!$H$1:$H$206,Grid!$B36)&"")) | G64: =IF(Grid!$B36="","",TRIM(INDEX('INPUT - Roster'!$G$1:$G$206,Grid!$B36)&"")) | H64: =IF(Grid!$B36="","",TRIM(INDEX('INPUT - Roster'!$R$1:$R$206,Grid!$B36)&"")) | I64: =IF(Grid!$B36="","",TRIM(INDEX('INPUT - Roster'!$O$1:$O$206,Grid!$B36)&"")) | J64: =IF(Grid!$B36="","",TRIM(INDEX('INPUT - Roster'!$J$1:$J$206,Grid!$B36)&"")) | K64: =IF(Grid!$B36="","",TRIM(INDEX('INPUT - Roster'!$K$1:$K$206,Grid!$B36)&"")) | L64: =IF(Grid!$B36="","",TRIM(INDEX('INPUT - Roster'!$L$1:$L$206,Grid!$B36)&"")) | M64: =IF(Grid!$B36="","",TRIM(INDEX('INPUT - Roster'!$M$1:$M$206,Grid!$B36)&"")) | N64: =Grid!F36 | O64: =Grid!AI36 | P64: =Grid!BL36 | Q64: =IF(Grid!$D36="","",INDEX(Grid!$F$2:$AG$2,Grid!$D36)) | R64: =IF(Grid!$D36="","",INDEX(Grid!$F36:$AG36,Grid!$D36)) | S64: =IF(Grid!$B36="","",IFERROR(TRIM(INDEX('BHP Site Access'!$G$3:$G$104,MATCH(LOWER(TRIM(INDEX('INPUT - Roster'!$D$1:$D$206,Grid!$B36)&"")&"|"&TRIM(INDEX('INPUT - Roster'!$E$1:$E$206,Grid!$B36)&"")),Calc!$AX$3:$AX$104,0))&""),"Not listed")) | T64: =IF(OR(Grid!$B36="",ISNUMBER(SEARCH("demob",E64))),"",IF(AND(UPPER(TRIM(J64&""))="YES",UPPER(TRIM(K64&""))="YES",UPPER(TRIM(L64&""))="YES",LEFT(UPPER(M64),14)="QUALS COMPLETE"),"","GAP")) | U64: =IF(Grid!$B36="",0,IF(AND(OR(Dashboard!$D$9="All",D64=Dashboard!$D$9),OR(Dashboard!$J$9="All",E64=Dashboard!$J$9)),1,0))
B65: =IF(Grid!$B37="","",35) | C65: =IF(Grid!$B37="","",TRIM(INDEX('INPUT - Roster'!$F$1:$F$206,Grid!$B37)&"")) | D65: =IF(Grid!$B37="","",TRIM(INDEX('INPUT - Roster'!$C$1:$C$206,Grid!$B37)&"")) | E65: =IF(Grid!$B37="","",INDEX(Index!$C$2:$C$202,MATCH(Grid!$B37,Index!$A$2:$A$202,0))) | F65: =IF(Grid!$B37="","",TRIM(INDEX('INPUT - Roster'!$H$1:$H$206,Grid!$B37)&"")) | G65: =IF(Grid!$B37="","",TRIM(INDEX('INPUT - Roster'!$G$1:$G$206,Grid!$B37)&"")) | H65: =IF(Grid!$B37="","",TRIM(INDEX('INPUT - Roster'!$R$1:$R$206,Grid!$B37)&"")) | I65: =IF(Grid!$B37="","",TRIM(INDEX('INPUT - Roster'!$O$1:$O$206,Grid!$B37)&"")) | J65: =IF(Grid!$B37="","",TRIM(INDEX('INPUT - Roster'!$J$1:$J$206,Grid!$B37)&"")) | K65: =IF(Grid!$B37="","",TRIM(INDEX('INPUT - Roster'!$K$1:$K$206,Grid!$B37)&"")) | L65: =IF(Grid!$B37="","",TRIM(INDEX('INPUT - Roster'!$L$1:$L$206,Grid!$B37)&"")) | M65: =IF(Grid!$B37="","",TRIM(INDEX('INPUT - Roster'!$M$1:$M$206,Grid!$B37)&"")) | N65: =Grid!F37 | O65: =Grid!AI37 | P65: =Grid!BL37 | Q65: =IF(Grid!$D37="","",INDEX(Grid!$F$2:$AG$2,Grid!$D37)) | R65: =IF(Grid!$D37="","",INDEX(Grid!$F37:$AG37,Grid!$D37)) | S65: =IF(Grid!$B37="","",IFERROR(TRIM(INDEX('BHP Site Access'!$G$3:$G$104,MATCH(LOWER(TRIM(INDEX('INPUT - Roster'!$D$1:$D$206,Grid!$B37)&"")&"|"&TRIM(INDEX('INPUT - Roster'!$E$1:$E$206,Grid!$B37)&"")),Calc!$AX$3:$AX$104,0))&""),"Not listed")) | T65: =IF(OR(Grid!$B37="",ISNUMBER(SEARCH("demob",E65))),"",IF(AND(UPPER(TRIM(J65&""))="YES",UPPER(TRIM(K65&""))="YES",UPPER(TRIM(L65&""))="YES",LEFT(UPPER(M65),14)="QUALS COMPLETE"),"","GAP")) | U65: =IF(Grid!$B37="",0,IF(AND(OR(Dashboard!$D$9="All",D65=Dashboard!$D$9),OR(Dashboard!$J$9="All",E65=Dashboard!$J$9)),1,0))
B66: =IF(Grid!$B38="","",36) | C66: =IF(Grid!$B38="","",TRIM(INDEX('INPUT - Roster'!$F$1:$F$206,Grid!$B38)&"")) | D66: =IF(Grid!$B38="","",TRIM(INDEX('INPUT - Roster'!$C$1:$C$206,Grid!$B38)&"")) | E66: =IF(Grid!$B38="","",INDEX(Index!$C$2:$C$202,MATCH(Grid!$B38,Index!$A$2:$A$202,0))) | F66: =IF(Grid!$B38="","",TRIM(INDEX('INPUT - Roster'!$H$1:$H$206,Grid!$B38)&"")) | G66: =IF(Grid!$B38="","",TRIM(INDEX('INPUT - Roster'!$G$1:$G$206,Grid!$B38)&"")) | H66: =IF(Grid!$B38="","",TRIM(INDEX('INPUT - Roster'!$R$1:$R$206,Grid!$B38)&"")) | I66: =IF(Grid!$B38="","",TRIM(INDEX('INPUT - Roster'!$O$1:$O$206,Grid!$B38)&"")) | J66: =IF(Grid!$B38="","",TRIM(INDEX('INPUT - Roster'!$J$1:$J$206,Grid!$B38)&"")) | K66: =IF(Grid!$B38="","",TRIM(INDEX('INPUT - Roster'!$K$1:$K$206,Grid!$B38)&"")) | L66: =IF(Grid!$B38="","",TRIM(INDEX('INPUT - Roster'!$L$1:$L$206,Grid!$B38)&"")) | M66: =IF(Grid!$B38="","",TRIM(INDEX('INPUT - Roster'!$M$1:$M$206,Grid!$B38)&"")) | N66: =Grid!F38 | O66: =Grid!AI38 | P66: =Grid!BL38 | Q66: =IF(Grid!$D38="","",INDEX(Grid!$F$2:$AG$2,Grid!$D38)) | R66: =IF(Grid!$D38="","",INDEX(Grid!$F38:$AG38,Grid!$D38)) | S66: =IF(Grid!$B38="","",IFERROR(TRIM(INDEX('BHP Site Access'!$G$3:$G$104,MATCH(LOWER(TRIM(INDEX('INPUT - Roster'!$D$1:$D$206,Grid!$B38)&"")&"|"&TRIM(INDEX('INPUT - Roster'!$E$1:$E$206,Grid!$B38)&"")),Calc!$AX$3:$AX$104,0))&""),"Not listed")) | T66: =IF(OR(Grid!$B38="",ISNUMBER(SEARCH("demob",E66))),"",IF(AND(UPPER(TRIM(J66&""))="YES",UPPER(TRIM(K66&""))="YES",UPPER(TRIM(L66&""))="YES",LEFT(UPPER(M66),14)="QUALS COMPLETE"),"","GAP")) | U66: =IF(Grid!$B38="",0,IF(AND(OR(Dashboard!$D$9="All",D66=Dashboard!$D$9),OR(Dashboard!$J$9="All",E66=Dashboard!$J$9)),1,0))
B67: =IF(Grid!$B39="","",37) | C67: =IF(Grid!$B39="","",TRIM(INDEX('INPUT - Roster'!$F$1:$F$206,Grid!$B39)&"")) | D67: =IF(Grid!$B39="","",TRIM(INDEX('INPUT - Roster'!$C$1:$C$206,Grid!$B39)&"")) | E67: =IF(Grid!$B39="","",INDEX(Index!$C$2:$C$202,MATCH(Grid!$B39,Index!$A$2:$A$202,0))) | F67: =IF(Grid!$B39="","",TRIM(INDEX('INPUT - Roster'!$H$1:$H$206,Grid!$B39)&"")) | G67: =IF(Grid!$B39="","",TRIM(INDEX('INPUT - Roster'!$G$1:$G$206,Grid!$B39)&"")) | H67: =IF(Grid!$B39="","",TRIM(INDEX('INPUT - Roster'!$R$1:$R$206,Grid!$B39)&"")) | I67: =IF(Grid!$B39="","",TRIM(INDEX('INPUT - Roster'!$O$1:$O$206,Grid!$B39)&"")) | J67: =IF(Grid!$B39="","",TRIM(INDEX('INPUT - Roster'!$J$1:$J$206,Grid!$B39)&"")) | K67: =IF(Grid!$B39="","",TRIM(INDEX('INPUT - Roster'!$K$1:$K$206,Grid!$B39)&"")) | L67: =IF(Grid!$B39="","",TRIM(INDEX('INPUT - Roster'!$L$1:$L$206,Grid!$B39)&"")) | M67: =IF(Grid!$B39="","",TRIM(INDEX('INPUT - Roster'!$M$1:$M$206,Grid!$B39)&"")) | N67: =Grid!F39 | O67: =Grid!AI39 | P67: =Grid!BL39 | Q67: =IF(Grid!$D39="","",INDEX(Grid!$F$2:$AG$2,Grid!$D39)) | R67: =IF(Grid!$D39="","",INDEX(Grid!$F39:$AG39,Grid!$D39)) | S67: =IF(Grid!$B39="","",IFERROR(TRIM(INDEX('BHP Site Access'!$G$3:$G$104,MATCH(LOWER(TRIM(INDEX('INPUT - Roster'!$D$1:$D$206,Grid!$B39)&"")&"|"&TRIM(INDEX('INPUT - Roster'!$E$1:$E$206,Grid!$B39)&"")),Calc!$AX$3:$AX$104,0))&""),"Not listed")) | T67: =IF(OR(Grid!$B39="",ISNUMBER(SEARCH("demob",E67))),"",IF(AND(UPPER(TRIM(J67&""))="YES",UPPER(TRIM(K67&""))="YES",UPPER(TRIM(L67&""))="YES",LEFT(UPPER(M67),14)="QUALS COMPLETE"),"","GAP")) | U67: =IF(Grid!$B39="",0,IF(AND(OR(Dashboard!$D$9="All",D67=Dashboard!$D$9),OR(Dashboard!$J$9="All",E67=Dashboard!$J$9)),1,0))
B68: =IF(Grid!$B40="","",38) | C68: =IF(Grid!$B40="","",TRIM(INDEX('INPUT - Roster'!$F$1:$F$206,Grid!$B40)&"")) | D68: =IF(Grid!$B40="","",TRIM(INDEX('INPUT - Roster'!$C$1:$C$206,Grid!$B40)&"")) | E68: =IF(Grid!$B40="","",INDEX(Index!$C$2:$C$202,MATCH(Grid!$B40,Index!$A$2:$A$202,0))) | F68: =IF(Grid!$B40="","",TRIM(INDEX('INPUT - Roster'!$H$1:$H$206,Grid!$B40)&"")) | G68: =IF(Grid!$B40="","",TRIM(INDEX('INPUT - Roster'!$G$1:$G$206,Grid!$B40)&"")) | H68: =IF(Grid!$B40="","",TRIM(INDEX('INPUT - Roster'!$R$1:$R$206,Grid!$B40)&"")) | I68: =IF(Grid!$B40="","",TRIM(INDEX('INPUT - Roster'!$O$1:$O$206,Grid!$B40)&"")) | J68: =IF(Grid!$B40="","",TRIM(INDEX('INPUT - Roster'!$J$1:$J$206,Grid!$B40)&"")) | K68: =IF(Grid!$B40="","",TRIM(INDEX('INPUT - Roster'!$K$1:$K$206,Grid!$B40)&"")) | L68: =IF(Grid!$B40="","",TRIM(INDEX('INPUT - Roster'!$L$1:$L$206,Grid!$B40)&"")) | M68: =IF(Grid!$B40="","",TRIM(INDEX('INPUT - Roster'!$M$1:$M$206,Grid!$B40)&"")) | N68: =Grid!F40 | O68: =Grid!AI40 | P68: =Grid!BL40 | Q68: =IF(Grid!$D40="","",INDEX(Grid!$F$2:$AG$2,Grid!$D40)) | R68: =IF(Grid!$D40="","",INDEX(Grid!$F40:$AG40,Grid!$D40)) | S68: =IF(Grid!$B40="","",IFERROR(TRIM(INDEX('BHP Site Access'!$G$3:$G$104,MATCH(LOWER(TRIM(INDEX('INPUT - Roster'!$D$1:$D$206,Grid!$B40)&"")&"|"&TRIM(INDEX('INPUT - Roster'!$E$1:$E$206,Grid!$B40)&"")),Calc!$AX$3:$AX$104,0))&""),"Not listed")) | T68: =IF(OR(Grid!$B40="",ISNUMBER(SEARCH("demob",E68))),"",IF(AND(UPPER(TRIM(J68&""))="YES",UPPER(TRIM(K68&""))="YES",UPPER(TRIM(L68&""))="YES",LEFT(UPPER(M68),14)="QUALS COMPLETE"),"","GAP")) | U68: =IF(Grid!$B40="",0,IF(AND(OR(Dashboard!$D$9="All",D68=Dashboard!$D$9),OR(Dashboard!$J$9="All",E68=Dashboard!$J$9)),1,0))
B69: =IF(Grid!$B41="","",39) | C69: =IF(Grid!$B41="","",TRIM(INDEX('INPUT - Roster'!$F$1:$F$206,Grid!$B41)&"")) | D69: =IF(Grid!$B41="","",TRIM(INDEX('INPUT - Roster'!$C$1:$C$206,Grid!$B41)&"")) | E69: =IF(Grid!$B41="","",INDEX(Index!$C$2:$C$202,MATCH(Grid!$B41,Index!$A$2:$A$202,0))) | F69: =IF(Grid!$B41="","",TRIM(INDEX('INPUT - Roster'!$H$1:$H$206,Grid!$B41)&"")) | G69: =IF(Grid!$B41="","",TRIM(INDEX('INPUT - Roster'!$G$1:$G$206,Grid!$B41)&"")) | H69: =IF(Grid!$B41="","",TRIM(INDEX('INPUT - Roster'!$R$1:$R$206,Grid!$B41)&"")) | I69: =IF(Grid!$B41="","",TRIM(INDEX('INPUT - Roster'!$O$1:$O$206,Grid!$B41)&"")) | J69: =IF(Grid!$B41="","",TRIM(INDEX('INPUT - Roster'!$J$1:$J$206,Grid!$B41)&"")) | K69: =IF(Grid!$B41="","",TRIM(INDEX('INPUT - Roster'!$K$1:$K$206,Grid!$B41)&"")) | L69: =IF(Grid!$B41="","",TRIM(INDEX('INPUT - Roster'!$L$1:$L$206,Grid!$B41)&"")) | M69: =IF(Grid!$B41="","",TRIM(INDEX('INPUT - Roster'!$M$1:$M$206,Grid!$B41)&"")) | N69: =Grid!F41 | O69: =Grid!AI41 | P69: =Grid!BL41 | Q69: =IF(Grid!$D41="","",INDEX(Grid!$F$2:$AG$2,Grid!$D41)) | R69: =IF(Grid!$D41="","",INDEX(Grid!$F41:$AG41,Grid!$D41)) | S69: =IF(Grid!$B41="","",IFERROR(TRIM(INDEX('BHP Site Access'!$G$3:$G$104,MATCH(LOWER(TRIM(INDEX('INPUT - Roster'!$D$1:$D$206,Grid!$B41)&"")&"|"&TRIM(INDEX('INPUT - Roster'!$E$1:$E$206,Grid!$B41)&"")),Calc!$AX$3:$AX$104,0))&""),"Not listed")) | T69: =IF(OR(Grid!$B41="",ISNUMBER(SEARCH("demob",E69))),"",IF(AND(UPPER(TRIM(J69&""))="YES",UPPER(TRIM(K69&""))="YES",UPPER(TRIM(L69&""))="YES",LEFT(UPPER(M69),14)="QUALS COMPLETE"),"","GAP")) | U69: =IF(Grid!$B41="",0,IF(AND(OR(Dashboard!$D$9="All",D69=Dashboard!$D$9),OR(Dashboard!$J$9="All",E69=Dashboard!$J$9)),1,0))
B70: =IF(Grid!$B42="","",40) | C70: =IF(Grid!$B42="","",TRIM(INDEX('INPUT - Roster'!$F$1:$F$206,Grid!$B42)&"")) | D70: =IF(Grid!$B42="","",TRIM(INDEX('INPUT - Roster'!$C$1:$C$206,Grid!$B42)&"")) | E70: =IF(Grid!$B42="","",INDEX(Index!$C$2:$C$202,MATCH(Grid!$B42,Index!$A$2:$A$202,0))) | F70: =IF(Grid!$B42="","",TRIM(INDEX('INPUT - Roster'!$H$1:$H$206,Grid!$B42)&"")) | G70: =IF(Grid!$B42="","",TRIM(INDEX('INPUT - Roster'!$G$1:$G$206,Grid!$B42)&"")) | H70: =IF(Grid!$B42="","",TRIM(INDEX('INPUT - Roster'!$R$1:$R$206,Grid!$B42)&"")) | I70: =IF(Grid!$B42="","",TRIM(INDEX('INPUT - Roster'!$O$1:$O$206,Grid!$B42)&"")) | J70: =IF(Grid!$B42="","",TRIM(INDEX('INPUT - Roster'!$J$1:$J$206,Grid!$B42)&"")) | K70: =IF(Grid!$B42="","",TRIM(INDEX('INPUT - Roster'!$K$1:$K$206,Grid!$B42)&"")) | L70: =IF(Grid!$B42="","",TRIM(INDEX('INPUT - Roster'!$L$1:$L$206,Grid!$B42)&"")) | M70: =IF(Grid!$B42="","",TRIM(INDEX('INPUT - Roster'!$M$1:$M$206,Grid!$B42)&"")) | N70: =Grid!F42 | O70: =Grid!AI42 | P70: =Grid!BL42 | Q70: =IF(Grid!$D42="","",INDEX(Grid!$F$2:$AG$2,Grid!$D42)) | R70: =IF(Grid!$D42="","",INDEX(Grid!$F42:$AG42,Grid!$D42)) | S70: =IF(Grid!$B42="","",IFERROR(TRIM(INDEX('BHP Site Access'!$G$3:$G$104,MATCH(LOWER(TRIM(INDEX('INPUT - Roster'!$D$1:$D$206,Grid!$B42)&"")&"|"&TRIM(INDEX('INPUT - Roster'!$E$1:$E$206,Grid!$B42)&"")),Calc!$AX$3:$AX$104,0))&""),"Not listed")) | T70: =IF(OR(Grid!$B42="",ISNUMBER(SEARCH("demob",E70))),"",IF(AND(UPPER(TRIM(J70&""))="YES",UPPER(TRIM(K70&""))="YES",UPPER(TRIM(L70&""))="YES",LEFT(UPPER(M70),14)="QUALS COMPLETE"),"","GAP")) | U70: =IF(Grid!$B42="",0,IF(AND(OR(Dashboard!$D$9="All",D70=Dashboard!$D$9),OR(Dashboard!$J$9="All",E70=Dashboard!$J$9)),1,0))
B71: =IF(Grid!$B43="","",41) | C71: =IF(Grid!$B43="","",TRIM(INDEX('INPUT - Roster'!$F$1:$F$206,Grid!$B43)&"")) | D71: =IF(Grid!$B43="","",TRIM(INDEX('INPUT - Roster'!$C$1:$C$206,Grid!$B43)&"")) | E71: =IF(Grid!$B43="","",INDEX(Index!$C$2:$C$202,MATCH(Grid!$B43,Index!$A$2:$A$202,0))) | F71: =IF(Grid!$B43="","",TRIM(INDEX('INPUT - Roster'!$H$1:$H$206,Grid!$B43)&"")) | G71: =IF(Grid!$B43="","",TRIM(INDEX('INPUT - Roster'!$G$1:$G$206,Grid!$B43)&"")) | H71: =IF(Grid!$B43="","",TRIM(INDEX('INPUT - Roster'!$R$1:$R$206,Grid!$B43)&"")) | I71: =IF(Grid!$B43="","",TRIM(INDEX('INPUT - Roster'!$O$1:$O$206,Grid!$B43)&"")) | J71: =IF(Grid!$B43="","",TRIM(INDEX('INPUT - Roster'!$J$1:$J$206,Grid!$B43)&"")) | K71: =IF(Grid!$B43="","",TRIM(INDEX('INPUT - Roster'!$K$1:$K$206,Grid!$B43)&"")) | L71: =IF(Grid!$B43="","",TRIM(INDEX('INPUT - Roster'!$L$1:$L$206,Grid!$B43)&"")) | M71: =IF(Grid!$B43="","",TRIM(INDEX('INPUT - Roster'!$M$1:$M$206,Grid!$B43)&"")) | N71: =Grid!F43 | O71: =Grid!AI43 | P71: =Grid!BL43 | Q71: =IF(Grid!$D43="","",INDEX(Grid!$F$2:$AG$2,Grid!$D43)) | R71: =IF(Grid!$D43="","",INDEX(Grid!$F43:$AG43,Grid!$D43)) | S71: =IF(Grid!$B43="","",IFERROR(TRIM(INDEX('BHP Site Access'!$G$3:$G$104,MATCH(LOWER(TRIM(INDEX('INPUT - Roster'!$D$1:$D$206,Grid!$B43)&"")&"|"&TRIM(INDEX('INPUT - Roster'!$E$1:$E$206,Grid!$B43)&"")),Calc!$AX$3:$AX$104,0))&""),"Not listed")) | T71: =IF(OR(Grid!$B43="",ISNUMBER(SEARCH("demob",E71))),"",IF(AND(UPPER(TRIM(J71&""))="YES",UPPER(TRIM(K71&""))="YES",UPPER(TRIM(L71&""))="YES",LEFT(UPPER(M71),14)="QUALS COMPLETE"),"","GAP")) | U71: =IF(Grid!$B43="",0,IF(AND(OR(Dashboard!$D$9="All",D71=Dashboard!$D$9),OR(Dashboard!$J$9="All",E71=Dashboard!$J$9)),1,0))
B72: =IF(Grid!$B44="","",42) | C72: =IF(Grid!$B44="","",TRIM(INDEX('INPUT - Roster'!$F$1:$F$206,Grid!$B44)&"")) | D72: =IF(Grid!$B44="","",TRIM(INDEX('INPUT - Roster'!$C$1:$C$206,Grid!$B44)&"")) | E72: =IF(Grid!$B44="","",INDEX(Index!$C$2:$C$202,MATCH(Grid!$B44,Index!$A$2:$A$202,0))) | F72: =IF(Grid!$B44="","",TRIM(INDEX('INPUT - Roster'!$H$1:$H$206,Grid!$B44)&"")) | G72: =IF(Grid!$B44="","",TRIM(INDEX('INPUT - Roster'!$G$1:$G$206,Grid!$B44)&"")) | H72: =IF(Grid!$B44="","",TRIM(INDEX('INPUT - Roster'!$R$1:$R$206,Grid!$B44)&"")) | I72: =IF(Grid!$B44="","",TRIM(INDEX('INPUT - Roster'!$O$1:$O$206,Grid!$B44)&"")) | J72: =IF(Grid!$B44="","",TRIM(INDEX('INPUT - Roster'!$J$1:$J$206,Grid!$B44)&"")) | K72: =IF(Grid!$B44="","",TRIM(INDEX('INPUT - Roster'!$K$1:$K$206,Grid!$B44)&"")) | L72: =IF(Grid!$B44="","",TRIM(INDEX('INPUT - Roster'!$L$1:$L$206,Grid!$B44)&"")) | M72: =IF(Grid!$B44="","",TRIM(INDEX('INPUT - Roster'!$M$1:$M$206,Grid!$B44)&"")) | N72: =Grid!F44 | O72: =Grid!AI44 | P72: =Grid!BL44 | Q72: =IF(Grid!$D44="","",INDEX(Grid!$F$2:$AG$2,Grid!$D44)) | R72: =IF(Grid!$D44="","",INDEX(Grid!$F44:$AG44,Grid!$D44)) | S72: =IF(Grid!$B44="","",IFERROR(TRIM(INDEX('BHP Site Access'!$G$3:$G$104,MATCH(LOWER(TRIM(INDEX('INPUT - Roster'!$D$1:$D$206,Grid!$B44)&"")&"|"&TRIM(INDEX('INPUT - Roster'!$E$1:$E$206,Grid!$B44)&"")),Calc!$AX$3:$AX$104,0))&""),"Not listed")) | T72: =IF(OR(Grid!$B44="",ISNUMBER(SEARCH("demob",E72))),"",IF(AND(UPPER(TRIM(J72&""))="YES",UPPER(TRIM(K72&""))="YES",UPPER(TRIM(L72&""))="YES",LEFT(UPPER(M72),14)="QUALS COMPLETE"),"","GAP")) | U72: =IF(Grid!$B44="",0,IF(AND(OR(Dashboard!$D$9="All",D72=Dashboard!$D$9),OR(Dashboard!$J$9="All",E72=Dashboard!$J$9)),1,0))
B73: =IF(Grid!$B45="","",43) | C73: =IF(Grid!$B45="","",TRIM(INDEX('INPUT - Roster'!$F$1:$F$206,Grid!$B45)&"")) | D73: =IF(Grid!$B45="","",TRIM(INDEX('INPUT - Roster'!$C$1:$C$206,Grid!$B45)&"")) | E73: =IF(Grid!$B45="","",INDEX(Index!$C$2:$C$202,MATCH(Grid!$B45,Index!$A$2:$A$202,0))) | F73: =IF(Grid!$B45="","",TRIM(INDEX('INPUT - Roster'!$H$1:$H$206,Grid!$B45)&"")) | G73: =IF(Grid!$B45="","",TRIM(INDEX('INPUT - Roster'!$G$1:$G$206,Grid!$B45)&"")) | H73: =IF(Grid!$B45="","",TRIM(INDEX('INPUT - Roster'!$R$1:$R$206,Grid!$B45)&"")) | I73: =IF(Grid!$B45="","",TRIM(INDEX('INPUT - Roster'!$O$1:$O$206,Grid!$B45)&"")) | J73: =IF(Grid!$B45="","",TRIM(INDEX('INPUT - Roster'!$J$1:$J$206,Grid!$B45)&"")) | K73: =IF(Grid!$B45="","",TRIM(INDEX('INPUT - Roster'!$K$1:$K$206,Grid!$B45)&"")) | L73: =IF(Grid!$B45="","",TRIM(INDEX('INPUT - Roster'!$L$1:$L$206,Grid!$B45)&"")) | M73: =IF(Grid!$B45="","",TRIM(INDEX('INPUT - Roster'!$M$1:$M$206,Grid!$B45)&"")) | N73: =Grid!F45 | O73: =Grid!AI45 | P73: =Grid!BL45 | Q73: =IF(Grid!$D45="","",INDEX(Grid!$F$2:$AG$2,Grid!$D45)) | R73: =IF(Grid!$D45="","",INDEX(Grid!$F45:$AG45,Grid!$D45)) | S73: =IF(Grid!$B45="","",IFERROR(TRIM(INDEX('BHP Site Access'!$G$3:$G$104,MATCH(LOWER(TRIM(INDEX('INPUT - Roster'!$D$1:$D$206,Grid!$B45)&"")&"|"&TRIM(INDEX('INPUT - Roster'!$E$1:$E$206,Grid!$B45)&"")),Calc!$AX$3:$AX$104,0))&""),"Not listed")) | T73: =IF(OR(Grid!$B45="",ISNUMBER(SEARCH("demob",E73))),"",IF(AND(UPPER(TRIM(J73&""))="YES",UPPER(TRIM(K73&""))="YES",UPPER(TRIM(L73&""))="YES",LEFT(UPPER(M73),14)="QUALS COMPLETE"),"","GAP")) | U73: =IF(Grid!$B45="",0,IF(AND(OR(Dashboard!$D$9="All",D73=Dashboard!$D$9),OR(Dashboard!$J$9="All",E73=Dashboard!$J$9)),1,0))
B74: =IF(Grid!$B46="","",44) | C74: =IF(Grid!$B46="","",TRIM(INDEX('INPUT - Roster'!$F$1:$F$206,Grid!$B46)&"")) | D74: =IF(Grid!$B46="","",TRIM(INDEX('INPUT - Roster'!$C$1:$C$206,Grid!$B46)&"")) | E74: =IF(Grid!$B46="","",INDEX(Index!$C$2:$C$202,MATCH(Grid!$B46,Index!$A$2:$A$202,0))) | F74: =IF(Grid!$B46="","",TRIM(INDEX('INPUT - Roster'!$H$1:$H$206,Grid!$B46)&"")) | G74: =IF(Grid!$B46="","",TRIM(INDEX('INPUT - Roster'!$G$1:$G$206,Grid!$B46)&"")) | H74: =IF(Grid!$B46="","",TRIM(INDEX('INPUT - Roster'!$R$1:$R$206,Grid!$B46)&"")) | I74: =IF(Grid!$B46="","",TRIM(INDEX('INPUT - Roster'!$O$1:$O$206,Grid!$B46)&"")) | J74: =IF(Grid!$B46="","",TRIM(INDEX('INPUT - Roster'!$J$1:$J$206,Grid!$B46)&"")) | K74: =IF(Grid!$B46="","",TRIM(INDEX('INPUT - Roster'!$K$1:$K$206,Grid!$B46)&"")) | L74: =IF(Grid!$B46="","",TRIM(INDEX('INPUT - Roster'!$L$1:$L$206,Grid!$B46)&"")) | M74: =IF(Grid!$B46="","",TRIM(INDEX('INPUT - Roster'!$M$1:$M$206,Grid!$B46)&"")) | N74: =Grid!F46 | O74: =Grid!AI46 | P74: =Grid!BL46 | Q74: =IF(Grid!$D46="","",INDEX(Grid!$F$2:$AG$2,Grid!$D46)) | R74: =IF(Grid!$D46="","",INDEX(Grid!$F46:$AG46,Grid!$D46)) | S74: =IF(Grid!$B46="","",IFERROR(TRIM(INDEX('BHP Site Access'!$G$3:$G$104,MATCH(LOWER(TRIM(INDEX('INPUT - Roster'!$D$1:$D$206,Grid!$B46)&"")&"|"&TRIM(INDEX('INPUT - Roster'!$E$1:$E$206,Grid!$B46)&"")),Calc!$AX$3:$AX$104,0))&""),"Not listed")) | T74: =IF(OR(Grid!$B46="",ISNUMBER(SEARCH("demob",E74))),"",IF(AND(UPPER(TRIM(J74&""))="YES",UPPER(TRIM(K74&""))="YES",UPPER(TRIM(L74&""))="YES",LEFT(UPPER(M74),14)="QUALS COMPLETE"),"","GAP")) | U74: =IF(Grid!$B46="",0,IF(AND(OR(Dashboard!$D$9="All",D74=Dashboard!$D$9),OR(Dashboard!$J$9="All",E74=Dashboard!$J$9)),1,0))
B75: =IF(Grid!$B47="","",45) | C75: =IF(Grid!$B47="","",TRIM(INDEX('INPUT - Roster'!$F$1:$F$206,Grid!$B47)&"")) | D75: =IF(Grid!$B47="","",TRIM(INDEX('INPUT - Roster'!$C$1:$C$206,Grid!$B47)&"")) | E75: =IF(Grid!$B47="","",INDEX(Index!$C$2:$C$202,MATCH(Grid!$B47,Index!$A$2:$A$202,0))) | F75: =IF(Grid!$B47="","",TRIM(INDEX('INPUT - Roster'!$H$1:$H$206,Grid!$B47)&"")) | G75: =IF(Grid!$B47="","",TRIM(INDEX('INPUT - Roster'!$G$1:$G$206,Grid!$B47)&"")) | H75: =IF(Grid!$B47="","",TRIM(INDEX('INPUT - Roster'!$R$1:$R$206,Grid!$B47)&"")) | I75: =IF(Grid!$B47="","",TRIM(INDEX('INPUT - Roster'!$O$1:$O$206,Grid!$B47)&"")) | J75: =IF(Grid!$B47="","",TRIM(INDEX('INPUT - Roster'!$J$1:$J$206,Grid!$B47)&"")) | K75: =IF(Grid!$B47="","",TRIM(INDEX('INPUT - Roster'!$K$1:$K$206,Grid!$B47)&"")) | L75: =IF(Grid!$B47="","",TRIM(INDEX('INPUT - Roster'!$L$1:$L$206,Grid!$B47)&"")) | M75: =IF(Grid!$B47="","",TRIM(INDEX('INPUT - Roster'!$M$1:$M$206,Grid!$B47)&"")) | N75: =Grid!F47 | O75: =Grid!AI47 | P75: =Grid!BL47 | Q75: =IF(Grid!$D47="","",INDEX(Grid!$F$2:$AG$2,Grid!$D47)) | R75: =IF(Grid!$D47="","",INDEX(Grid!$F47:$AG47,Grid!$D47)) | S75: =IF(Grid!$B47="","",IFERROR(TRIM(INDEX('BHP Site Access'!$G$3:$G$104,MATCH(LOWER(TRIM(INDEX('INPUT - Roster'!$D$1:$D$206,Grid!$B47)&"")&"|"&TRIM(INDEX('INPUT - Roster'!$E$1:$E$206,Grid!$B47)&"")),Calc!$AX$3:$AX$104,0))&""),"Not listed")) | T75: =IF(OR(Grid!$B47="",ISNUMBER(SEARCH("demob",E75))),"",IF(AND(UPPER(TRIM(J75&""))="YES",UPPER(TRIM(K75&""))="YES",UPPER(TRIM(L75&""))="YES",LEFT(UPPER(M75),14)="QUALS COMPLETE"),"","GAP")) | U75: =IF(Grid!$B47="",0,IF(AND(OR(Dashboard!$D$9="All",D75=Dashboard!$D$9),OR(Dashboard!$J$9="All",E75=Dashboard!$J$9)),1,0))
B76: =IF(Grid!$B48="","",46) | C76: =IF(Grid!$B48="","",TRIM(INDEX('INPUT - Roster'!$F$1:$F$206,Grid!$B48)&"")) | D76: =IF(Grid!$B48="","",TRIM(INDEX('INPUT - Roster'!$C$1:$C$206,Grid!$B48)&"")) | E76: =IF(Grid!$B48="","",INDEX(Index!$C$2:$C$202,MATCH(Grid!$B48,Index!$A$2:$A$202,0))) | F76: =IF(Grid!$B48="","",TRIM(INDEX('INPUT - Roster'!$H$1:$H$206,Grid!$B48)&"")) | G76: =IF(Grid!$B48="","",TRIM(INDEX('INPUT - Roster'!$G$1:$G$206,Grid!$B48)&"")) | H76: =IF(Grid!$B48="","",TRIM(INDEX('INPUT - Roster'!$R$1:$R$206,Grid!$B48)&"")) | I76: =IF(Grid!$B48="","",TRIM(INDEX('INPUT - Roster'!$O$1:$O$206,Grid!$B48)&"")) | J76: =IF(Grid!$B48="","",TRIM(INDEX('INPUT - Roster'!$J$1:$J$206,Grid!$B48)&"")) | K76: =IF(Grid!$B48="","",TRIM(INDEX('INPUT - Roster'!$K$1:$K$206,Grid!$B48)&"")) | L76: =IF(Grid!$B48="","",TRIM(INDEX('INPUT - Roster'!$L$1:$L$206,Grid!$B48)&"")) | M76: =IF(Grid!$B48="","",TRIM(INDEX('INPUT - Roster'!$M$1:$M$206,Grid!$B48)&"")) | N76: =Grid!F48 | O76: =Grid!AI48 | P76: =Grid!BL48 | Q76: =IF(Grid!$D48="","",INDEX(Grid!$F$2:$AG$2,Grid!$D48)) | R76: =IF(Grid!$D48="","",INDEX(Grid!$F48:$AG48,Grid!$D48)) | S76: =IF(Grid!$B48="","",IFERROR(TRIM(INDEX('BHP Site Access'!$G$3:$G$104,MATCH(LOWER(TRIM(INDEX('INPUT - Roster'!$D$1:$D$206,Grid!$B48)&"")&"|"&TRIM(INDEX('INPUT - Roster'!$E$1:$E$206,Grid!$B48)&"")),Calc!$AX$3:$AX$104,0))&""),"Not listed")) | T76: =IF(OR(Grid!$B48="",ISNUMBER(SEARCH("demob",E76))),"",IF(AND(UPPER(TRIM(J76&""))="YES",UPPER(TRIM(K76&""))="YES",UPPER(TRIM(L76&""))="YES",LEFT(UPPER(M76),14)="QUALS COMPLETE"),"","GAP")) | U76: =IF(Grid!$B48="",0,IF(AND(OR(Dashboard!$D$9="All",D76=Dashboard!$D$9),OR(Dashboard!$J$9="All",E76=Dashboard!$J$9)),1,0))
B77: =IF(Grid!$B49="","",47) | C77: =IF(Grid!$B49="","",TRIM(INDEX('INPUT - Roster'!$F$1:$F$206,Grid!$B49)&"")) | D77: =IF(Grid!$B49="","",TRIM(INDEX('INPUT - Roster'!$C$1:$C$206,Grid!$B49)&"")) | E77: =IF(Grid!$B49="","",INDEX(Index!$C$2:$C$202,MATCH(Grid!$B49,Index!$A$2:$A$202,0))) | F77: =IF(Grid!$B49="","",TRIM(INDEX('INPUT - Roster'!$H$1:$H$206,Grid!$B49)&"")) | G77: =IF(Grid!$B49="","",TRIM(INDEX('INPUT - Roster'!$G$1:$G$206,Grid!$B49)&"")) | H77: =IF(Grid!$B49="","",TRIM(INDEX('INPUT - Roster'!$R$1:$R$206,Grid!$B49)&"")) | I77: =IF(Grid!$B49="","",TRIM(INDEX('INPUT - Roster'!$O$1:$O$206,Grid!$B49)&"")) | J77: =IF(Grid!$B49="","",TRIM(INDEX('INPUT - Roster'!$J$1:$J$206,Grid!$B49)&"")) | K77: =IF(Grid!$B49="","",TRIM(INDEX('INPUT - Roster'!$K$1:$K$206,Grid!$B49)&"")) | L77: =IF(Grid!$B49="","",TRIM(INDEX('INPUT - Roster'!$L$1:$L$206,Grid!$B49)&"")) | M77: =IF(Grid!$B49="","",TRIM(INDEX('INPUT - Roster'!$M$1:$M$206,Grid!$B49)&"")) | N77: =Grid!F49 | O77: =Grid!AI49 | P77: =Grid!BL49 | Q77: =IF(Grid!$D49="","",INDEX(Grid!$F$2:$AG$2,Grid!$D49)) | R77: =IF(Grid!$D49="","",INDEX(Grid!$F49:$AG49,Grid!$D49)) | S77: =IF(Grid!$B49="","",IFERROR(TRIM(INDEX('BHP Site Access'!$G$3:$G$104,MATCH(LOWER(TRIM(INDEX('INPUT - Roster'!$D$1:$D$206,Grid!$B49)&"")&"|"&TRIM(INDEX('INPUT - Roster'!$E$1:$E$206,Grid!$B49)&"")),Calc!$AX$3:$AX$104,0))&""),"Not listed")) | T77: =IF(OR(Grid!$B49="",ISNUMBER(SEARCH("demob",E77))),"",IF(AND(UPPER(TRIM(J77&""))="YES",UPPER(TRIM(K77&""))="YES",UPPER(TRIM(L77&""))="YES",LEFT(UPPER(M77),14)="QUALS COMPLETE"),"","GAP")) | U77: =IF(Grid!$B49="",0,IF(AND(OR(Dashboard!$D$9="All",D77=Dashboard!$D$9),OR(Dashboard!$J$9="All",E77=Dashboard!$J$9)),1,0))
B78: =IF(Grid!$B50="","",48) | C78: =IF(Grid!$B50="","",TRIM(INDEX('INPUT - Roster'!$F$1:$F$206,Grid!$B50)&"")) | D78: =IF(Grid!$B50="","",TRIM(INDEX('INPUT - Roster'!$C$1:$C$206,Grid!$B50)&"")) | E78: =IF(Grid!$B50="","",INDEX(Index!$C$2:$C$202,MATCH(Grid!$B50,Index!$A$2:$A$202,0))) | F78: =IF(Grid!$B50="","",TRIM(INDEX('INPUT - Roster'!$H$1:$H$206,Grid!$B50)&"")) | G78: =IF(Grid!$B50="","",TRIM(INDEX('INPUT - Roster'!$G$1:$G$206,Grid!$B50)&"")) | H78: =IF(Grid!$B50="","",TRIM(INDEX('INPUT - Roster'!$R$1:$R$206,Grid!$B50)&"")) | I78: =IF(Grid!$B50="","",TRIM(INDEX('INPUT - Roster'!$O$1:$O$206,Grid!$B50)&"")) | J78: =IF(Grid!$B50="","",TRIM(INDEX('INPUT - Roster'!$J$1:$J$206,Grid!$B50)&"")) | K78: =IF(Grid!$B50="","",TRIM(INDEX('INPUT - Roster'!$K$1:$K$206,Grid!$B50)&"")) | L78: =IF(Grid!$B50="","",TRIM(INDEX('INPUT - Roster'!$L$1:$L$206,Grid!$B50)&"")) | M78: =IF(Grid!$B50="","",TRIM(INDEX('INPUT - Roster'!$M$1:$M$206,Grid!$B50)&"")) | N78: =Grid!F50 | O78: =Grid!AI50 | P78: =Grid!BL50 | Q78: =IF(Grid!$D50="","",INDEX(Grid!$F$2:$AG$2,Grid!$D50)) | R78: =IF(Grid!$D50="","",INDEX(Grid!$F50:$AG50,Grid!$D50)) | S78: =IF(Grid!$B50="","",IFERROR(TRIM(INDEX('BHP Site Access'!$G$3:$G$104,MATCH(LOWER(TRIM(INDEX('INPUT - Roster'!$D$1:$D$206,Grid!$B50)&"")&"|"&TRIM(INDEX('INPUT - Roster'!$E$1:$E$206,Grid!$B50)&"")),Calc!$AX$3:$AX$104,0))&""),"Not listed")) | T78: =IF(OR(Grid!$B50="",ISNUMBER(SEARCH("demob",E78))),"",IF(AND(UPPER(TRIM(J78&""))="YES",UPPER(TRIM(K78&""))="YES",UPPER(TRIM(L78&""))="YES",LEFT(UPPER(M78),14)="QUALS COMPLETE"),"","GAP")) | U78: =IF(Grid!$B50="",0,IF(AND(OR(Dashboard!$D$9="All",D78=Dashboard!$D$9),OR(Dashboard!$J$9="All",E78=Dashboard!$J$9)),1,0))
B79: =IF(Grid!$B51="","",49) | C79: =IF(Grid!$B51="","",TRIM(INDEX('INPUT - Roster'!$F$1:$F$206,Grid!$B51)&"")) | D79: =IF(Grid!$B51="","",TRIM(INDEX('INPUT - Roster'!$C$1:$C$206,Grid!$B51)&"")) | E79: =IF(Grid!$B51="","",INDEX(Index!$C$2:$C$202,MATCH(Grid!$B51,Index!$A$2:$A$202,0))) | F79: =IF(Grid!$B51="","",TRIM(INDEX('INPUT - Roster'!$H$1:$H$206,Grid!$B51)&"")) | G79: =IF(Grid!$B51="","",TRIM(INDEX('INPUT - Roster'!$G$1:$G$206,Grid!$B51)&"")) | H79: =IF(Grid!$B51="","",TRIM(INDEX('INPUT - Roster'!$R$1:$R$206,Grid!$B51)&"")) | I79: =IF(Grid!$B51="","",TRIM(INDEX('INPUT - Roster'!$O$1:$O$206,Grid!$B51)&"")) | J79: =IF(Grid!$B51="","",TRIM(INDEX('INPUT - Roster'!$J$1:$J$206,Grid!$B51)&"")) | K79: =IF(Grid!$B51="","",TRIM(INDEX('INPUT - Roster'!$K$1:$K$206,Grid!$B51)&"")) | L79: =IF(Grid!$B51="","",TRIM(INDEX('INPUT - Roster'!$L$1:$L$206,Grid!$B51)&"")) | M79: =IF(Grid!$B51="","",TRIM(INDEX('INPUT - Roster'!$M$1:$M$206,Grid!$B51)&"")) | N79: =Grid!F51 | O79: =Grid!AI51 | P79: =Grid!BL51 | Q79: =IF(Grid!$D51="","",INDEX(Grid!$F$2:$AG$2,Grid!$D51)) | R79: =IF(Grid!$D51="","",INDEX(Grid!$F51:$AG51,Grid!$D51)) | S79: =IF(Grid!$B51="","",IFERROR(TRIM(INDEX('BHP Site Access'!$G$3:$G$104,MATCH(LOWER(TRIM(INDEX('INPUT - Roster'!$D$1:$D$206,Grid!$B51)&"")&"|"&TRIM(INDEX('INPUT - Roster'!$E$1:$E$206,Grid!$B51)&"")),Calc!$AX$3:$AX$104,0))&""),"Not listed")) | T79: =IF(OR(Grid!$B51="",ISNUMBER(SEARCH("demob",E79))),"",IF(AND(UPPER(TRIM(J79&""))="YES",UPPER(TRIM(K79&""))="YES",UPPER(TRIM(L79&""))="YES",LEFT(UPPER(M79),14)="QUALS COMPLETE"),"","GAP")) | U79: =IF(Grid!$B51="",0,IF(AND(OR(Dashboard!$D$9="All",D79=Dashboard!$D$9),OR(Dashboard!$J$9="All",E79=Dashboard!$J$9)),1,0))
B80: =IF(Grid!$B52="","",50) | C80: =IF(Grid!$B52="","",TRIM(INDEX('INPUT - Roster'!$F$1:$F$206,Grid!$B52)&"")) | D80: =IF(Grid!$B52="","",TRIM(INDEX('INPUT - Roster'!$C$1:$C$206,Grid!$B52)&"")) | E80: =IF(Grid!$B52="","",INDEX(Index!$C$2:$C$202,MATCH(Grid!$B52,Index!$A$2:$A$202,0))) | F80: =IF(Grid!$B52="","",TRIM(INDEX('INPUT - Roster'!$H$1:$H$206,Grid!$B52)&"")) | G80: =IF(Grid!$B52="","",TRIM(INDEX('INPUT - Roster'!$G$1:$G$206,Grid!$B52)&"")) | H80: =IF(Grid!$B52="","",TRIM(INDEX('INPUT - Roster'!$R$1:$R$206,Grid!$B52)&"")) | I80: =IF(Grid!$B52="","",TRIM(INDEX('INPUT - Roster'!$O$1:$O$206,Grid!$B52)&"")) | J80: =IF(Grid!$B52="","",TRIM(INDEX('INPUT - Roster'!$J$1:$J$206,Grid!$B52)&"")) | K80: =IF(Grid!$B52="","",TRIM(INDEX('INPUT - Roster'!$K$1:$K$206,Grid!$B52)&"")) | L80: =IF(Grid!$B52="","",TRIM(INDEX('INPUT - Roster'!$L$1:$L$206,Grid!$B52)&"")) | M80: =IF(Grid!$B52="","",TRIM(INDEX('INPUT - Roster'!$M$1:$M$206,Grid!$B52)&"")) | N80: =Grid!F52 | O80: =Grid!AI52 | P80: =Grid!BL52 | Q80: =IF(Grid!$D52="","",INDEX(Grid!$F$2:$AG$2,Grid!$D52)) | R80: =IF(Grid!$D52="","",INDEX(Grid!$F52:$AG52,Grid!$D52)) | S80: =IF(Grid!$B52="","",IFERROR(TRIM(INDEX('BHP Site Access'!$G$3:$G$104,MATCH(LOWER(TRIM(INDEX('INPUT - Roster'!$D$1:$D$206,Grid!$B52)&"")&"|"&TRIM(INDEX('INPUT - Roster'!$E$1:$E$206,Grid!$B52)&"")),Calc!$AX$3:$AX$104,0))&""),"Not listed")) | T80: =IF(OR(Grid!$B52="",ISNUMBER(SEARCH("demob",E80))),"",IF(AND(UPPER(TRIM(J80&""))="YES",UPPER(TRIM(K80&""))="YES",UPPER(TRIM(L80&""))="YES",LEFT(UPPER(M80),14)="QUALS COMPLETE"),"","GAP")) | U80: =IF(Grid!$B52="",0,IF(AND(OR(Dashboard!$D$9="All",D80=Dashboard!$D$9),OR(Dashboard!$J$9="All",E80=Dashboard!$J$9)),1,0))
B81: =IF(Grid!$B53="","",51) | C81: =IF(Grid!$B53="","",TRIM(INDEX('INPUT - Roster'!$F$1:$F$206,Grid!$B53)&"")) | D81: =IF(Grid!$B53="","",TRIM(INDEX('INPUT - Roster'!$C$1:$C$206,Grid!$B53)&"")) | E81: =IF(Grid!$B53="","",INDEX(Index!$C$2:$C$202,MATCH(Grid!$B53,Index!$A$2:$A$202,0))) | F81: =IF(Grid!$B53="","",TRIM(INDEX('INPUT - Roster'!$H$1:$H$206,Grid!$B53)&"")) | G81: =IF(Grid!$B53="","",TRIM(INDEX('INPUT - Roster'!$G$1:$G$206,Grid!$B53)&"")) | H81: =IF(Grid!$B53="","",TRIM(INDEX('INPUT - Roster'!$R$1:$R$206,Grid!$B53)&"")) | I81: =IF(Grid!$B53="","",TRIM(INDEX('INPUT - Roster'!$O$1:$O$206,Grid!$B53)&"")) | J81: =IF(Grid!$B53="","",TRIM(INDEX('INPUT - Roster'!$J$1:$J$206,Grid!$B53)&"")) | K81: =IF(Grid!$B53="","",TRIM(INDEX('INPUT - Roster'!$K$1:$K$206,Grid!$B53)&"")) | L81: =IF(Grid!$B53="","",TRIM(INDEX('INPUT - Roster'!$L$1:$L$206,Grid!$B53)&"")) | M81: =IF(Grid!$B53="","",TRIM(INDEX('INPUT - Roster'!$M$1:$M$206,Grid!$B53)&"")) | N81: =Grid!F53 | O81: =Grid!AI53 | P81: =Grid!BL53 | Q81: =IF(Grid!$D53="","",INDEX(Grid!$F$2:$AG$2,Grid!$D53)) | R81: =IF(Grid!$D53="","",INDEX(Grid!$F53:$AG53,Grid!$D53)) | S81: =IF(Grid!$B53="","",IFERROR(TRIM(INDEX('BHP Site Access'!$G$3:$G$104,MATCH(LOWER(TRIM(INDEX('INPUT - Roster'!$D$1:$D$206,Grid!$B53)&"")&"|"&TRIM(INDEX('INPUT - Roster'!$E$1:$E$206,Grid!$B53)&"")),Calc!$AX$3:$AX$104,0))&""),"Not listed")) | T81: =IF(OR(Grid!$B53="",ISNUMBER(SEARCH("demob",E81))),"",IF(AND(UPPER(TRIM(J81&""))="YES",UPPER(TRIM(K81&""))="YES",UPPER(TRIM(L81&""))="YES",LEFT(UPPER(M81),14)="QUALS COMPLETE"),"","GAP")) | U81: =IF(Grid!$B53="",0,IF(AND(OR(Dashboard!$D$9="All",D81=Dashboard!$D$9),OR(Dashboard!$J$9="All",E81=Dashboard!$J$9)),1,0))
B82: =IF(Grid!$B54="","",52) | C82: =IF(Grid!$B54="","",TRIM(INDEX('INPUT - Roster'!$F$1:$F$206,Grid!$B54)&"")) | D82: =IF(Grid!$B54="","",TRIM(INDEX('INPUT - Roster'!$C$1:$C$206,Grid!$B54)&"")) | E82: =IF(Grid!$B54="","",INDEX(Index!$C$2:$C$202,MATCH(Grid!$B54,Index!$A$2:$A$202,0))) | F82: =IF(Grid!$B54="","",TRIM(INDEX('INPUT - Roster'!$H$1:$H$206,Grid!$B54)&"")) | G82: =IF(Grid!$B54="","",TRIM(INDEX('INPUT - Roster'!$G$1:$G$206,Grid!$B54)&"")) | H82: =IF(Grid!$B54="","",TRIM(INDEX('INPUT - Roster'!$R$1:$R$206,Grid!$B54)&"")) | I82: =IF(Grid!$B54="","",TRIM(INDEX('INPUT - Roster'!$O$1:$O$206,Grid!$B54)&"")) | J82: =IF(Grid!$B54="","",TRIM(INDEX('INPUT - Roster'!$J$1:$J$206,Grid!$B54)&"")) | K82: =IF(Grid!$B54="","",TRIM(INDEX('INPUT - Roster'!$K$1:$K$206,Grid!$B54)&"")) | L82: =IF(Grid!$B54="","",TRIM(INDEX('INPUT - Roster'!$L$1:$L$206,Grid!$B54)&"")) | M82: =IF(Grid!$B54="","",TRIM(INDEX('INPUT - Roster'!$M$1:$M$206,Grid!$B54)&"")) | N82: =Grid!F54 | O82: =Grid!AI54 | P82: =Grid!BL54 | Q82: =IF(Grid!$D54="","",INDEX(Grid!$F$2:$AG$2,Grid!$D54)) | R82: =IF(Grid!$D54="","",INDEX(Grid!$F54:$AG54,Grid!$D54)) | S82: =IF(Grid!$B54="","",IFERROR(TRIM(INDEX('BHP Site Access'!$G$3:$G$104,MATCH(LOWER(TRIM(INDEX('INPUT - Roster'!$D$1:$D$206,Grid!$B54)&"")&"|"&TRIM(INDEX('INPUT - Roster'!$E$1:$E$206,Grid!$B54)&"")),Calc!$AX$3:$AX$104,0))&""),"Not listed")) | T82: =IF(OR(Grid!$B54="",ISNUMBER(SEARCH("demob",E82))),"",IF(AND(UPPER(TRIM(J82&""))="YES",UPPER(TRIM(K82&""))="YES",UPPER(TRIM(L82&""))="YES",LEFT(UPPER(M82),14)="QUALS COMPLETE"),"","GAP")) | U82: =IF(Grid!$B54="",0,IF(AND(OR(Dashboard!$D$9="All",D82=Dashboard!$D$9),OR(Dashboard!$J$9="All",E82=Dashboard!$J$9)),1,0))
B83: =IF(Grid!$B55="","",53) | C83: =IF(Grid!$B55="","",TRIM(INDEX('INPUT - Roster'!$F$1:$F$206,Grid!$B55)&"")) | D83: =IF(Grid!$B55="","",TRIM(INDEX('INPUT - Roster'!$C$1:$C$206,Grid!$B55)&"")) | E83: =IF(Grid!$B55="","",INDEX(Index!$C$2:$C$202,MATCH(Grid!$B55,Index!$A$2:$A$202,0))) | F83: =IF(Grid!$B55="","",TRIM(INDEX('INPUT - Roster'!$H$1:$H$206,Grid!$B55)&"")) | G83: =IF(Grid!$B55="","",TRIM(INDEX('INPUT - Roster'!$G$1:$G$206,Grid!$B55)&"")) | H83: =IF(Grid!$B55="","",TRIM(INDEX('INPUT - Roster'!$R$1:$R$206,Grid!$B55)&"")) | I83: =IF(Grid!$B55="","",TRIM(INDEX('INPUT - Roster'!$O$1:$O$206,Grid!$B55)&"")) | J83: =IF(Grid!$B55="","",TRIM(INDEX('INPUT - Roster'!$J$1:$J$206,Grid!$B55)&"")) | K83: =IF(Grid!$B55="","",TRIM(INDEX('INPUT - Roster'!$K$1:$K$206,Grid!$B55)&"")) | L83: =IF(Grid!$B55="","",TRIM(INDEX('INPUT - Roster'!$L$1:$L$206,Grid!$B55)&"")) | M83: =IF(Grid!$B55="","",TRIM(INDEX('INPUT - Roster'!$M$1:$M$206,Grid!$B55)&"")) | N83: =Grid!F55 | O83: =Grid!AI55 | P83: =Grid!BL55 | Q83: =IF(Grid!$D55="","",INDEX(Grid!$F$2:$AG$2,Grid!$D55)) | R83: =IF(Grid!$D55="","",INDEX(Grid!$F55:$AG55,Grid!$D55)) | S83: =IF(Grid!$B55="","",IFERROR(TRIM(INDEX('BHP Site Access'!$G$3:$G$104,MATCH(LOWER(TRIM(INDEX('INPUT - Roster'!$D$1:$D$206,Grid!$B55)&"")&"|"&TRIM(INDEX('INPUT - Roster'!$E$1:$E$206,Grid!$B55)&"")),Calc!$AX$3:$AX$104,0))&""),"Not listed")) | T83: =IF(OR(Grid!$B55="",ISNUMBER(SEARCH("demob",E83))),"",IF(AND(UPPER(TRIM(J83&""))="YES",UPPER(TRIM(K83&""))="YES",UPPER(TRIM(L83&""))="YES",LEFT(UPPER(M83),14)="QUALS COMPLETE"),"","GAP")) | U83: =IF(Grid!$B55="",0,IF(AND(OR(Dashboard!$D$9="All",D83=Dashboard!$D$9),OR(Dashboard!$J$9="All",E83=Dashboard!$J$9)),1,0))
B84: =IF(Grid!$B56="","",54) | C84: =IF(Grid!$B56="","",TRIM(INDEX('INPUT - Roster'!$F$1:$F$206,Grid!$B56)&"")) | D84: =IF(Grid!$B56="","",TRIM(INDEX('INPUT - Roster'!$C$1:$C$206,Grid!$B56)&"")) | E84: =IF(Grid!$B56="","",INDEX(Index!$C$2:$C$202,MATCH(Grid!$B56,Index!$A$2:$A$202,0))) | F84: =IF(Grid!$B56="","",TRIM(INDEX('INPUT - Roster'!$H$1:$H$206,Grid!$B56)&"")) | G84: =IF(Grid!$B56="","",TRIM(INDEX('INPUT - Roster'!$G$1:$G$206,Grid!$B56)&"")) | H84: =IF(Grid!$B56="","",TRIM(INDEX('INPUT - Roster'!$R$1:$R$206,Grid!$B56)&"")) | I84: =IF(Grid!$B56="","",TRIM(INDEX('INPUT - Roster'!$O$1:$O$206,Grid!$B56)&"")) | J84: =IF(Grid!$B56="","",TRIM(INDEX('INPUT - Roster'!$J$1:$J$206,Grid!$B56)&"")) | K84: =IF(Grid!$B56="","",TRIM(INDEX('INPUT - Roster'!$K$1:$K$206,Grid!$B56)&"")) | L84: =IF(Grid!$B56="","",TRIM(INDEX('INPUT - Roster'!$L$1:$L$206,Grid!$B56)&"")) | M84: =IF(Grid!$B56="","",TRIM(INDEX('INPUT - Roster'!$M$1:$M$206,Grid!$B56)&"")) | N84: =Grid!F56 | O84: =Grid!AI56 | P84: =Grid!BL56 | Q84: =IF(Grid!$D56="","",INDEX(Grid!$F$2:$AG$2,Grid!$D56)) | R84: =IF(Grid!$D56="","",INDEX(Grid!$F56:$AG56,Grid!$D56)) | S84: =IF(Grid!$B56="","",IFERROR(TRIM(INDEX('BHP Site Access'!$G$3:$G$104,MATCH(LOWER(TRIM(INDEX('INPUT - Roster'!$D$1:$D$206,Grid!$B56)&"")&"|"&TRIM(INDEX('INPUT - Roster'!$E$1:$E$206,Grid!$B56)&"")),Calc!$AX$3:$AX$104,0))&""),"Not listed")) | T84: =IF(OR(Grid!$B56="",ISNUMBER(SEARCH("demob",E84))),"",IF(AND(UPPER(TRIM(J84&""))="YES",UPPER(TRIM(K84&""))="YES",UPPER(TRIM(L84&""))="YES",LEFT(UPPER(M84),14)="QUALS COMPLETE"),"","GAP")) | U84: =IF(Grid!$B56="",0,IF(AND(OR(Dashboard!$D$9="All",D84=Dashboard!$D$9),OR(Dashboard!$J$9="All",E84=Dashboard!$J$9)),1,0))
B85: =IF(Grid!$B57="","",55) | C85: =IF(Grid!$B57="","",TRIM(INDEX('INPUT - Roster'!$F$1:$F$206,Grid!$B57)&"")) | D85: =IF(Grid!$B57="","",TRIM(INDEX('INPUT - Roster'!$C$1:$C$206,Grid!$B57)&"")) | E85: =IF(Grid!$B57="","",INDEX(Index!$C$2:$C$202,MATCH(Grid!$B57,Index!$A$2:$A$202,0))) | F85: =IF(Grid!$B57="","",TRIM(INDEX('INPUT - Roster'!$H$1:$H$206,Grid!$B57)&"")) | G85: =IF(Grid!$B57="","",TRIM(INDEX('INPUT - Roster'!$G$1:$G$206,Grid!$B57)&"")) | H85: =IF(Grid!$B57="","",TRIM(INDEX('INPUT - Roster'!$R$1:$R$206,Grid!$B57)&"")) | I85: =IF(Grid!$B57="","",TRIM(INDEX('INPUT - Roster'!$O$1:$O$206,Grid!$B57)&"")) | J85: =IF(Grid!$B57="","",TRIM(INDEX('INPUT - Roster'!$J$1:$J$206,Grid!$B57)&"")) | K85: =IF(Grid!$B57="","",TRIM(INDEX('INPUT - Roster'!$K$1:$K$206,Grid!$B57)&"")) | L85: =IF(Grid!$B57="","",TRIM(INDEX('INPUT - Roster'!$L$1:$L$206,Grid!$B57)&"")) | M85: =IF(Grid!$B57="","",TRIM(INDEX('INPUT - Roster'!$M$1:$M$206,Grid!$B57)&"")) | N85: =Grid!F57 | O85: =Grid!AI57 | P85: =Grid!BL57 | Q85: =IF(Grid!$D57="","",INDEX(Grid!$F$2:$AG$2,Grid!$D57)) | R85: =IF(Grid!$D57="","",INDEX(Grid!$F57:$AG57,Grid!$D57)) | S85: =IF(Grid!$B57="","",IFERROR(TRIM(INDEX('BHP Site Access'!$G$3:$G$104,MATCH(LOWER(TRIM(INDEX('INPUT - Roster'!$D$1:$D$206,Grid!$B57)&"")&"|"&TRIM(INDEX('INPUT - Roster'!$E$1:$E$206,Grid!$B57)&"")),Calc!$AX$3:$AX$104,0))&""),"Not listed")) | T85: =IF(OR(Grid!$B57="",ISNUMBER(SEARCH("demob",E85))),"",IF(AND(UPPER(TRIM(J85&""))="YES",UPPER(TRIM(K85&""))="YES",UPPER(TRIM(L85&""))="YES",LEFT(UPPER(M85),14)="QUALS COMPLETE"),"","GAP")) | U85: =IF(Grid!$B57="",0,IF(AND(OR(Dashboard!$D$9="All",D85=Dashboard!$D$9),OR(Dashboard!$J$9="All",E85=Dashboard!$J$9)),1,0))
B86: =IF(Grid!$B58="","",56) | C86: =IF(Grid!$B58="","",TRIM(INDEX('INPUT - Roster'!$F$1:$F$206,Grid!$B58)&"")) | D86: =IF(Grid!$B58="","",TRIM(INDEX('INPUT - Roster'!$C$1:$C$206,Grid!$B58)&"")) | E86: =IF(Grid!$B58="","",INDEX(Index!$C$2:$C$202,MATCH(Grid!$B58,Index!$A$2:$A$202,0))) | F86: =IF(Grid!$B58="","",TRIM(INDEX('INPUT - Roster'!$H$1:$H$206,Grid!$B58)&"")) | G86: =IF(Grid!$B58="","",TRIM(INDEX('INPUT - Roster'!$G$1:$G$206,Grid!$B58)&"")) | H86: =IF(Grid!$B58="","",TRIM(INDEX('INPUT - Roster'!$R$1:$R$206,Grid!$B58)&"")) | I86: =IF(Grid!$B58="","",TRIM(INDEX('INPUT - Roster'!$O$1:$O$206,Grid!$B58)&"")) | J86: =IF(Grid!$B58="","",TRIM(INDEX('INPUT - Roster'!$J$1:$J$206,Grid!$B58)&"")) | K86: =IF(Grid!$B58="","",TRIM(INDEX('INPUT - Roster'!$K$1:$K$206,Grid!$B58)&"")) | L86: =IF(Grid!$B58="","",TRIM(INDEX('INPUT - Roster'!$L$1:$L$206,Grid!$B58)&"")) | M86: =IF(Grid!$B58="","",TRIM(INDEX('INPUT - Roster'!$M$1:$M$206,Grid!$B58)&"")) | N86: =Grid!F58 | O86: =Grid!AI58 | P86: =Grid!BL58 | Q86: =IF(Grid!$D58="","",INDEX(Grid!$F$2:$AG$2,Grid!$D58)) | R86: =IF(Grid!$D58="","",INDEX(Grid!$F58:$AG58,Grid!$D58)) | S86: =IF(Grid!$B58="","",IFERROR(TRIM(INDEX('BHP Site Access'!$G$3:$G$104,MATCH(LOWER(TRIM(INDEX('INPUT - Roster'!$D$1:$D$206,Grid!$B58)&"")&"|"&TRIM(INDEX('INPUT - Roster'!$E$1:$E$206,Grid!$B58)&"")),Calc!$AX$3:$AX$104,0))&""),"Not listed")) | T86: =IF(OR(Grid!$B58="",ISNUMBER(SEARCH("demob",E86))),"",IF(AND(UPPER(TRIM(J86&""))="YES",UPPER(TRIM(K86&""))="YES",UPPER(TRIM(L86&""))="YES",LEFT(UPPER(M86),14)="QUALS COMPLETE"),"","GAP")) | U86: =IF(Grid!$B58="",0,IF(AND(OR(Dashboard!$D$9="All",D86=Dashboard!$D$9),OR(Dashboard!$J$9="All",E86=Dashboard!$J$9)),1,0))
B87: =IF(Grid!$B59="","",57) | C87: =IF(Grid!$B59="","",TRIM(INDEX('INPUT - Roster'!$F$1:$F$206,Grid!$B59)&"")) | D87: =IF(Grid!$B59="","",TRIM(INDEX('INPUT - Roster'!$C$1:$C$206,Grid!$B59)&"")) | E87: =IF(Grid!$B59="","",INDEX(Index!$C$2:$C$202,MATCH(Grid!$B59,Index!$A$2:$A$202,0))) | F87: =IF(Grid!$B59="","",TRIM(INDEX('INPUT - Roster'!$H$1:$H$206,Grid!$B59)&"")) | G87: =IF(Grid!$B59="","",TRIM(INDEX('INPUT - Roster'!$G$1:$G$206,Grid!$B59)&"")) | H87: =IF(Grid!$B59="","",TRIM(INDEX('INPUT - Roster'!$R$1:$R$206,Grid!$B59)&"")) | I87: =IF(Grid!$B59="","",TRIM(INDEX('INPUT - Roster'!$O$1:$O$206,Grid!$B59)&"")) | J87: =IF(Grid!$B59="","",TRIM(INDEX('INPUT - Roster'!$J$1:$J$206,Grid!$B59)&"")) | K87: =IF(Grid!$B59="","",TRIM(INDEX('INPUT - Roster'!$K$1:$K$206,Grid!$B59)&"")) | L87: =IF(Grid!$B59="","",TRIM(INDEX('INPUT - Roster'!$L$1:$L$206,Grid!$B59)&"")) | M87: =IF(Grid!$B59="","",TRIM(INDEX('INPUT - Roster'!$M$1:$M$206,Grid!$B59)&"")) | N87: =Grid!F59 | O87: =Grid!AI59 | P87: =Grid!BL59 | Q87: =IF(Grid!$D59="","",INDEX(Grid!$F$2:$AG$2,Grid!$D59)) | R87: =IF(Grid!$D59="","",INDEX(Grid!$F59:$AG59,Grid!$D59)) | S87: =IF(Grid!$B59="","",IFERROR(TRIM(INDEX('BHP Site Access'!$G$3:$G$104,MATCH(LOWER(TRIM(INDEX('INPUT - Roster'!$D$1:$D$206,Grid!$B59)&"")&"|"&TRIM(INDEX('INPUT - Roster'!$E$1:$E$206,Grid!$B59)&"")),Calc!$AX$3:$AX$104,0))&""),"Not listed")) | T87: =IF(OR(Grid!$B59="",ISNUMBER(SEARCH("demob",E87))),"",IF(AND(UPPER(TRIM(J87&""))="YES",UPPER(TRIM(K87&""))="YES",UPPER(TRIM(L87&""))="YES",LEFT(UPPER(M87),14)="QUALS COMPLETE"),"","GAP")) | U87: =IF(Grid!$B59="",0,IF(AND(OR(Dashboard!$D$9="All",D87=Dashboard!$D$9),OR(Dashboard!$J$9="All",E87=Dashboard!$J$9)),1,0))
B88: =IF(Grid!$B60="","",58) | C88: =IF(Grid!$B60="","",TRIM(INDEX('INPUT - Roster'!$F$1:$F$206,Grid!$B60)&"")) | D88: =IF(Grid!$B60="","",TRIM(INDEX('INPUT - Roster'!$C$1:$C$206,Grid!$B60)&"")) | E88: =IF(Grid!$B60="","",INDEX(Index!$C$2:$C$202,MATCH(Grid!$B60,Index!$A$2:$A$202,0))) | F88: =IF(Grid!$B60="","",TRIM(INDEX('INPUT - Roster'!$H$1:$H$206,Grid!$B60)&"")) | G88: =IF(Grid!$B60="","",TRIM(INDEX('INPUT - Roster'!$G$1:$G$206,Grid!$B60)&"")) | H88: =IF(Grid!$B60="","",TRIM(INDEX('INPUT - Roster'!$R$1:$R$206,Grid!$B60)&"")) | I88: =IF(Grid!$B60="","",TRIM(INDEX('INPUT - Roster'!$O$1:$O$206,Grid!$B60)&"")) | J88: =IF(Grid!$B60="","",TRIM(INDEX('INPUT - Roster'!$J$1:$J$206,Grid!$B60)&"")) | K88: =IF(Grid!$B60="","",TRIM(INDEX('INPUT - Roster'!$K$1:$K$206,Grid!$B60)&"")) | L88: =IF(Grid!$B60="","",TRIM(INDEX('INPUT - Roster'!$L$1:$L$206,Grid!$B60)&"")) | M88: =IF(Grid!$B60="","",TRIM(INDEX('INPUT - Roster'!$M$1:$M$206,Grid!$B60)&"")) | N88: =Grid!F60 | O88: =Grid!AI60 | P88: =Grid!BL60 | Q88: =IF(Grid!$D60="","",INDEX(Grid!$F$2:$AG$2,Grid!$D60)) | R88: =IF(Grid!$D60="","",INDEX(Grid!$F60:$AG60,Grid!$D60)) | S88: =IF(Grid!$B60="","",IFERROR(TRIM(INDEX('BHP Site Access'!$G$3:$G$104,MATCH(LOWER(TRIM(INDEX('INPUT - Roster'!$D$1:$D$206,Grid!$B60)&"")&"|"&TRIM(INDEX('INPUT - Roster'!$E$1:$E$206,Grid!$B60)&"")),Calc!$AX$3:$AX$104,0))&""),"Not listed")) | T88: =IF(OR(Grid!$B60="",ISNUMBER(SEARCH("demob",E88))),"",IF(AND(UPPER(TRIM(J88&""))="YES",UPPER(TRIM(K88&""))="YES",UPPER(TRIM(L88&""))="YES",LEFT(UPPER(M88),14)="QUALS COMPLETE"),"","GAP")) | U88: =IF(Grid!$B60="",0,IF(AND(OR(Dashboard!$D$9="All",D88=Dashboard!$D$9),OR(Dashboard!$J$9="All",E88=Dashboard!$J$9)),1,0))
B89: =IF(Grid!$B61="","",59) | C89: =IF(Grid!$B61="","",TRIM(INDEX('INPUT - Roster'!$F$1:$F$206,Grid!$B61)&"")) | D89: =IF(Grid!$B61="","",TRIM(INDEX('INPUT - Roster'!$C$1:$C$206,Grid!$B61)&"")) | E89: =IF(Grid!$B61="","",INDEX(Index!$C$2:$C$202,MATCH(Grid!$B61,Index!$A$2:$A$202,0))) | F89: =IF(Grid!$B61="","",TRIM(INDEX('INPUT - Roster'!$H$1:$H$206,Grid!$B61)&"")) | G89: =IF(Grid!$B61="","",TRIM(INDEX('INPUT - Roster'!$G$1:$G$206,Grid!$B61)&"")) | H89: =IF(Grid!$B61="","",TRIM(INDEX('INPUT - Roster'!$R$1:$R$206,Grid!$B61)&"")) | I89: =IF(Grid!$B61="","",TRIM(INDEX('INPUT - Roster'!$O$1:$O$206,Grid!$B61)&"")) | J89: =IF(Grid!$B61="","",TRIM(INDEX('INPUT - Roster'!$J$1:$J$206,Grid!$B61)&"")) | K89: =IF(Grid!$B61="","",TRIM(INDEX('INPUT - Roster'!$K$1:$K$206,Grid!$B61)&"")) | L89: =IF(Grid!$B61="","",TRIM(INDEX('INPUT - Roster'!$L$1:$L$206,Grid!$B61)&"")) | M89: =IF(Grid!$B61="","",TRIM(INDEX('INPUT - Roster'!$M$1:$M$206,Grid!$B61)&"")) | N89: =Grid!F61 | O89: =Grid!AI61 | P89: =Grid!BL61 | Q89: =IF(Grid!$D61="","",INDEX(Grid!$F$2:$AG$2,Grid!$D61)) | R89: =IF(Grid!$D61="","",INDEX(Grid!$F61:$AG61,Grid!$D61)) | S89: =IF(Grid!$B61="","",IFERROR(TRIM(INDEX('BHP Site Access'!$G$3:$G$104,MATCH(LOWER(TRIM(INDEX('INPUT - Roster'!$D$1:$D$206,Grid!$B61)&"")&"|"&TRIM(INDEX('INPUT - Roster'!$E$1:$E$206,Grid!$B61)&"")),Calc!$AX$3:$AX$104,0))&""),"Not listed")) | T89: =IF(OR(Grid!$B61="",ISNUMBER(SEARCH("demob",E89))),"",IF(AND(UPPER(TRIM(J89&""))="YES",UPPER(TRIM(K89&""))="YES",UPPER(TRIM(L89&""))="YES",LEFT(UPPER(M89),14)="QUALS COMPLETE"),"","GAP")) | U89: =IF(Grid!$B61="",0,IF(AND(OR(Dashboard!$D$9="All",D89=Dashboard!$D$9),OR(Dashboard!$J$9="All",E89=Dashboard!$J$9)),1,0))
B90: =IF(Grid!$B62="","",60) | C90: =IF(Grid!$B62="","",TRIM(INDEX('INPUT - Roster'!$F$1:$F$206,Grid!$B62)&"")) | D90: =IF(Grid!$B62="","",TRIM(INDEX('INPUT - Roster'!$C$1:$C$206,Grid!$B62)&"")) | E90: =IF(Grid!$B62="","",INDEX(Index!$C$2:$C$202,MATCH(Grid!$B62,Index!$A$2:$A$202,0))) | F90: =IF(Grid!$B62="","",TRIM(INDEX('INPUT - Roster'!$H$1:$H$206,Grid!$B62)&"")) | G90: =IF(Grid!$B62="","",TRIM(INDEX('INPUT - Roster'!$G$1:$G$206,Grid!$B62)&"")) | H90: =IF(Grid!$B62="","",TRIM(INDEX('INPUT - Roster'!$R$1:$R$206,Grid!$B62)&"")) | I90: =IF(Grid!$B62="","",TRIM(INDEX('INPUT - Roster'!$O$1:$O$206,Grid!$B62)&"")) | J90: =IF(Grid!$B62="","",TRIM(INDEX('INPUT - Roster'!$J$1:$J$206,Grid!$B62)&"")) | K90: =IF(Grid!$B62="","",TRIM(INDEX('INPUT - Roster'!$K$1:$K$206,Grid!$B62)&"")) | L90: =IF(Grid!$B62="","",TRIM(INDEX('INPUT - Roster'!$L$1:$L$206,Grid!$B62)&"")) | M90: =IF(Grid!$B62="","",TRIM(INDEX('INPUT - Roster'!$M$1:$M$206,Grid!$B62)&"")) | N90: =Grid!F62 | O90: =Grid!AI62 | P90: =Grid!BL62 | Q90: =IF(Grid!$D62="","",INDEX(Grid!$F$2:$AG$2,Grid!$D62)) | R90: =IF(Grid!$D62="","",INDEX(Grid!$F62:$AG62,Grid!$D62)) | S90: =IF(Grid!$B62="","",IFERROR(TRIM(INDEX('BHP Site Access'!$G$3:$G$104,MATCH(LOWER(TRIM(INDEX('INPUT - Roster'!$D$1:$D$206,Grid!$B62)&"")&"|"&TRIM(INDEX('INPUT - Roster'!$E$1:$E$206,Grid!$B62)&"")),Calc!$AX$3:$AX$104,0))&""),"Not listed")) | T90: =IF(OR(Grid!$B62="",ISNUMBER(SEARCH("demob",E90))),"",IF(AND(UPPER(TRIM(J90&""))="YES",UPPER(TRIM(K90&""))="YES",UPPER(TRIM(L90&""))="YES",LEFT(UPPER(M90),14)="QUALS COMPLETE"),"","GAP")) | U90: =IF(Grid!$B62="",0,IF(AND(OR(Dashboard!$D$9="All",D90=Dashboard!$D$9),OR(Dashboard!$J$9="All",E90=Dashboard!$J$9)),1,0))
B91: =IF(Grid!$B63="","",61) | C91: =IF(Grid!$B63="","",TRIM(INDEX('INPUT - Roster'!$F$1:$F$206,Grid!$B63)&"")) | D91: =IF(Grid!$B63="","",TRIM(INDEX('INPUT - Roster'!$C$1:$C$206,Grid!$B63)&"")) | E91: =IF(Grid!$B63="","",INDEX(Index!$C$2:$C$202,MATCH(Grid!$B63,Index!$A$2:$A$202,0))) | F91: =IF(Grid!$B63="","",TRIM(INDEX('INPUT - Roster'!$H$1:$H$206,Grid!$B63)&"")) | G91: =IF(Grid!$B63="","",TRIM(INDEX('INPUT - Roster'!$G$1:$G$206,Grid!$B63)&"")) | H91: =IF(Grid!$B63="","",TRIM(INDEX('INPUT - Roster'!$R$1:$R$206,Grid!$B63)&"")) | I91: =IF(Grid!$B63="","",TRIM(INDEX('INPUT - Roster'!$O$1:$O$206,Grid!$B63)&"")) | J91: =IF(Grid!$B63="","",TRIM(INDEX('INPUT - Roster'!$J$1:$J$206,Grid!$B63)&"")) | K91: =IF(Grid!$B63="","",TRIM(INDEX('INPUT - Roster'!$K$1:$K$206,Grid!$B63)&"")) | L91: =IF(Grid!$B63="","",TRIM(INDEX('INPUT - Roster'!$L$1:$L$206,Grid!$B63)&"")) | M91: =IF(Grid!$B63="","",TRIM(INDEX('INPUT - Roster'!$M$1:$M$206,Grid!$B63)&"")) | N91: =Grid!F63 | O91: =Grid!AI63 | P91: =Grid!BL63 | Q91: =IF(Grid!$D63="","",INDEX(Grid!$F$2:$AG$2,Grid!$D63)) | R91: =IF(Grid!$D63="","",INDEX(Grid!$F63:$AG63,Grid!$D63)) | S91: =IF(Grid!$B63="","",IFERROR(TRIM(INDEX('BHP Site Access'!$G$3:$G$104,MATCH(LOWER(TRIM(INDEX('INPUT - Roster'!$D$1:$D$206,Grid!$B63)&"")&"|"&TRIM(INDEX('INPUT - Roster'!$E$1:$E$206,Grid!$B63)&"")),Calc!$AX$3:$AX$104,0))&""),"Not listed")) | T91: =IF(OR(Grid!$B63="",ISNUMBER(SEARCH("demob",E91))),"",IF(AND(UPPER(TRIM(J91&""))="YES",UPPER(TRIM(K91&""))="YES",UPPER(TRIM(L91&""))="YES",LEFT(UPPER(M91),14)="QUALS COMPLETE"),"","GAP")) | U91: =IF(Grid!$B63="",0,IF(AND(OR(Dashboard!$D$9="All",D91=Dashboard!$D$9),OR(Dashboard!$J$9="All",E91=Dashboard!$J$9)),1,0))
B92: =IF(Grid!$B64="","",62) | C92: =IF(Grid!$B64="","",TRIM(INDEX('INPUT - Roster'!$F$1:$F$206,Grid!$B64)&"")) | D92: =IF(Grid!$B64="","",TRIM(INDEX('INPUT - Roster'!$C$1:$C$206,Grid!$B64)&"")) | E92: =IF(Grid!$B64="","",INDEX(Index!$C$2:$C$202,MATCH(Grid!$B64,Index!$A$2:$A$202,0))) | F92: =IF(Grid!$B64="","",TRIM(INDEX('INPUT - Roster'!$H$1:$H$206,Grid!$B64)&"")) | G92: =IF(Grid!$B64="","",TRIM(INDEX('INPUT - Roster'!$G$1:$G$206,Grid!$B64)&"")) | H92: =IF(Grid!$B64="","",TRIM(INDEX('INPUT - Roster'!$R$1:$R$206,Grid!$B64)&"")) | I92: =IF(Grid!$B64="","",TRIM(INDEX('INPUT - Roster'!$O$1:$O$206,Grid!$B64)&"")) | J92: =IF(Grid!$B64="","",TRIM(INDEX('INPUT - Roster'!$J$1:$J$206,Grid!$B64)&"")) | K92: =IF(Grid!$B64="","",TRIM(INDEX('INPUT - Roster'!$K$1:$K$206,Grid!$B64)&"")) | L92: =IF(Grid!$B64="","",TRIM(INDEX('INPUT - Roster'!$L$1:$L$206,Grid!$B64)&"")) | M92: =IF(Grid!$B64="","",TRIM(INDEX('INPUT - Roster'!$M$1:$M$206,Grid!$B64)&"")) | N92: =Grid!F64 | O92: =Grid!AI64 | P92: =Grid!BL64 | Q92: =IF(Grid!$D64="","",INDEX(Grid!$F$2:$AG$2,Grid!$D64)) | R92: =IF(Grid!$D64="","",INDEX(Grid!$F64:$AG64,Grid!$D64)) | S92: =IF(Grid!$B64="","",IFERROR(TRIM(INDEX('BHP Site Access'!$G$3:$G$104,MATCH(LOWER(TRIM(INDEX('INPUT - Roster'!$D$1:$D$206,Grid!$B64)&"")&"|"&TRIM(INDEX('INPUT - Roster'!$E$1:$E$206,Grid!$B64)&"")),Calc!$AX$3:$AX$104,0))&""),"Not listed")) | T92: =IF(OR(Grid!$B64="",ISNUMBER(SEARCH("demob",E92))),"",IF(AND(UPPER(TRIM(J92&""))="YES",UPPER(TRIM(K92&""))="YES",UPPER(TRIM(L92&""))="YES",LEFT(UPPER(M92),14)="QUALS COMPLETE"),"","GAP")) | U92: =IF(Grid!$B64="",0,IF(AND(OR(Dashboard!$D$9="All",D92=Dashboard!$D$9),OR(Dashboard!$J$9="All",E92=Dashboard!$J$9)),1,0))
B93: =IF(Grid!$B65="","",63) | C93: =IF(Grid!$B65="","",TRIM(INDEX('INPUT - Roster'!$F$1:$F$206,Grid!$B65)&"")) | D93: =IF(Grid!$B65="","",TRIM(INDEX('INPUT - Roster'!$C$1:$C$206,Grid!$B65)&"")) | E93: =IF(Grid!$B65="","",INDEX(Index!$C$2:$C$202,MATCH(Grid!$B65,Index!$A$2:$A$202,0))) | F93: =IF(Grid!$B65="","",TRIM(INDEX('INPUT - Roster'!$H$1:$H$206,Grid!$B65)&"")) | G93: =IF(Grid!$B65="","",TRIM(INDEX('INPUT - Roster'!$G$1:$G$206,Grid!$B65)&"")) | H93: =IF(Grid!$B65="","",TRIM(INDEX('INPUT - Roster'!$R$1:$R$206,Grid!$B65)&"")) | I93: =IF(Grid!$B65="","",TRIM(INDEX('INPUT - Roster'!$O$1:$O$206,Grid!$B65)&"")) | J93: =IF(Grid!$B65="","",TRIM(INDEX('INPUT - Roster'!$J$1:$J$206,Grid!$B65)&"")) | K93: =IF(Grid!$B65="","",TRIM(INDEX('INPUT - Roster'!$K$1:$K$206,Grid!$B65)&"")) | L93: =IF(Grid!$B65="","",TRIM(INDEX('INPUT - Roster'!$L$1:$L$206,Grid!$B65)&"")) | M93: =IF(Grid!$B65="","",TRIM(INDEX('INPUT - Roster'!$M$1:$M$206,Grid!$B65)&"")) | N93: =Grid!F65 | O93: =Grid!AI65 | P93: =Grid!BL65 | Q93: =IF(Grid!$D65="","",INDEX(Grid!$F$2:$AG$2,Grid!$D65)) | R93: =IF(Grid!$D65="","",INDEX(Grid!$F65:$AG65,Grid!$D65)) | S93: =IF(Grid!$B65="","",IFERROR(TRIM(INDEX('BHP Site Access'!$G$3:$G$104,MATCH(LOWER(TRIM(INDEX('INPUT - Roster'!$D$1:$D$206,Grid!$B65)&"")&"|"&TRIM(INDEX('INPUT - Roster'!$E$1:$E$206,Grid!$B65)&"")),Calc!$AX$3:$AX$104,0))&""),"Not listed")) | T93: =IF(OR(Grid!$B65="",ISNUMBER(SEARCH("demob",E93))),"",IF(AND(UPPER(TRIM(J93&""))="YES",UPPER(TRIM(K93&""))="YES",UPPER(TRIM(L93&""))="YES",LEFT(UPPER(M93),14)="QUALS COMPLETE"),"","GAP")) | U93: =IF(Grid!$B65="",0,IF(AND(OR(Dashboard!$D$9="All",D93=Dashboard!$D$9),OR(Dashboard!$J$9="All",E93=Dashboard!$J$9)),1,0))
B94: =IF(Grid!$B66="","",64) | C94: =IF(Grid!$B66="","",TRIM(INDEX('INPUT - Roster'!$F$1:$F$206,Grid!$B66)&"")) | D94: =IF(Grid!$B66="","",TRIM(INDEX('INPUT - Roster'!$C$1:$C$206,Grid!$B66)&"")) | E94: =IF(Grid!$B66="","",INDEX(Index!$C$2:$C$202,MATCH(Grid!$B66,Index!$A$2:$A$202,0))) | F94: =IF(Grid!$B66="","",TRIM(INDEX('INPUT - Roster'!$H$1:$H$206,Grid!$B66)&"")) | G94: =IF(Grid!$B66="","",TRIM(INDEX('INPUT - Roster'!$G$1:$G$206,Grid!$B66)&"")) | H94: =IF(Grid!$B66="","",TRIM(INDEX('INPUT - Roster'!$R$1:$R$206,Grid!$B66)&"")) | I94: =IF(Grid!$B66="","",TRIM(INDEX('INPUT - Roster'!$O$1:$O$206,Grid!$B66)&"")) | J94: =IF(Grid!$B66="","",TRIM(INDEX('INPUT - Roster'!$J$1:$J$206,Grid!$B66)&"")) | K94: =IF(Grid!$B66="","",TRIM(INDEX('INPUT - Roster'!$K$1:$K$206,Grid!$B66)&"")) | L94: =IF(Grid!$B66="","",TRIM(INDEX('INPUT - Roster'!$L$1:$L$206,Grid!$B66)&"")) | M94: =IF(Grid!$B66="","",TRIM(INDEX('INPUT - Roster'!$M$1:$M$206,Grid!$B66)&"")) | N94: =Grid!F66 | O94: =Grid!AI66 | P94: =Grid!BL66 | Q94: =IF(Grid!$D66="","",INDEX(Grid!$F$2:$AG$2,Grid!$D66)) | R94: =IF(Grid!$D66="","",INDEX(Grid!$F66:$AG66,Grid!$D66)) | S94: =IF(Grid!$B66="","",IFERROR(TRIM(INDEX('BHP Site Access'!$G$3:$G$104,MATCH(LOWER(TRIM(INDEX('INPUT - Roster'!$D$1:$D$206,Grid!$B66)&"")&"|"&TRIM(INDEX('INPUT - Roster'!$E$1:$E$206,Grid!$B66)&"")),Calc!$AX$3:$AX$104,0))&""),"Not listed")) | T94: =IF(OR(Grid!$B66="",ISNUMBER(SEARCH("demob",E94))),"",IF(AND(UPPER(TRIM(J94&""))="YES",UPPER(TRIM(K94&""))="YES",UPPER(TRIM(L94&""))="YES",LEFT(UPPER(M94),14)="QUALS COMPLETE"),"","GAP")) | U94: =IF(Grid!$B66="",0,IF(AND(OR(Dashboard!$D$9="All",D94=Dashboard!$D$9),OR(Dashboard!$J$9="All",E94=Dashboard!$J$9)),1,0))
B95: =IF(Grid!$B67="","",65) | C95: =IF(Grid!$B67="","",TRIM(INDEX('INPUT - Roster'!$F$1:$F$206,Grid!$B67)&"")) | D95: =IF(Grid!$B67="","",TRIM(INDEX('INPUT - Roster'!$C$1:$C$206,Grid!$B67)&"")) | E95: =IF(Grid!$B67="","",INDEX(Index!$C$2:$C$202,MATCH(Grid!$B67,Index!$A$2:$A$202,0))) | F95: =IF(Grid!$B67="","",TRIM(INDEX('INPUT - Roster'!$H$1:$H$206,Grid!$B67)&"")) | G95: =IF(Grid!$B67="","",TRIM(INDEX('INPUT - Roster'!$G$1:$G$206,Grid!$B67)&"")) | H95: =IF(Grid!$B67="","",TRIM(INDEX('INPUT - Roster'!$R$1:$R$206,Grid!$B67)&"")) | I95: =IF(Grid!$B67="","",TRIM(INDEX('INPUT - Roster'!$O$1:$O$206,Grid!$B67)&"")) | J95: =IF(Grid!$B67="","",TRIM(INDEX('INPUT - Roster'!$J$1:$J$206,Grid!$B67)&"")) | K95: =IF(Grid!$B67="","",TRIM(INDEX('INPUT - Roster'!$K$1:$K$206,Grid!$B67)&"")) | L95: =IF(Grid!$B67="","",TRIM(INDEX('INPUT - Roster'!$L$1:$L$206,Grid!$B67)&"")) | M95: =IF(Grid!$B67="","",TRIM(INDEX('INPUT - Roster'!$M$1:$M$206,Grid!$B67)&"")) | N95: =Grid!F67 | O95: =Grid!AI67 | P95: =Grid!BL67 | Q95: =IF(Grid!$D67="","",INDEX(Grid!$F$2:$AG$2,Grid!$D67)) | R95: =IF(Grid!$D67="","",INDEX(Grid!$F67:$AG67,Grid!$D67)) | S95: =IF(Grid!$B67="","",IFERROR(TRIM(INDEX('BHP Site Access'!$G$3:$G$104,MATCH(LOWER(TRIM(INDEX('INPUT - Roster'!$D$1:$D$206,Grid!$B67)&"")&"|"&TRIM(INDEX('INPUT - Roster'!$E$1:$E$206,Grid!$B67)&"")),Calc!$AX$3:$AX$104,0))&""),"Not listed")) | T95: =IF(OR(Grid!$B67="",ISNUMBER(SEARCH("demob",E95))),"",IF(AND(UPPER(TRIM(J95&""))="YES",UPPER(TRIM(K95&""))="YES",UPPER(TRIM(L95&""))="YES",LEFT(UPPER(M95),14)="QUALS COMPLETE"),"","GAP")) | U95: =IF(Grid!$B67="",0,IF(AND(OR(Dashboard!$D$9="All",D95=Dashboard!$D$9),OR(Dashboard!$J$9="All",E95=Dashboard!$J$9)),1,0))
B96: =IF(Grid!$B68="","",66) | C96: =IF(Grid!$B68="","",TRIM(INDEX('INPUT - Roster'!$F$1:$F$206,Grid!$B68)&"")) | D96: =IF(Grid!$B68="","",TRIM(INDEX('INPUT - Roster'!$C$1:$C$206,Grid!$B68)&"")) | E96: =IF(Grid!$B68="","",INDEX(Index!$C$2:$C$202,MATCH(Grid!$B68,Index!$A$2:$A$202,0))) | F96: =IF(Grid!$B68="","",TRIM(INDEX('INPUT - Roster'!$H$1:$H$206,Grid!$B68)&"")) | G96: =IF(Grid!$B68="","",TRIM(INDEX('INPUT - Roster'!$G$1:$G$206,Grid!$B68)&"")) | H96: =IF(Grid!$B68="","",TRIM(INDEX('INPUT - Roster'!$R$1:$R$206,Grid!$B68)&"")) | I96: =IF(Grid!$B68="","",TRIM(INDEX('INPUT - Roster'!$O$1:$O$206,Grid!$B68)&"")) | J96: =IF(Grid!$B68="","",TRIM(INDEX('INPUT - Roster'!$J$1:$J$206,Grid!$B68)&"")) | K96: =IF(Grid!$B68="","",TRIM(INDEX('INPUT - Roster'!$K$1:$K$206,Grid!$B68)&"")) | L96: =IF(Grid!$B68="","",TRIM(INDEX('INPUT - Roster'!$L$1:$L$206,Grid!$B68)&"")) | M96: =IF(Grid!$B68="","",TRIM(INDEX('INPUT - Roster'!$M$1:$M$206,Grid!$B68)&"")) | N96: =Grid!F68 | O96: =Grid!AI68 | P96: =Grid!BL68 | Q96: =IF(Grid!$D68="","",INDEX(Grid!$F$2:$AG$2,Grid!$D68)) | R96: =IF(Grid!$D68="","",INDEX(Grid!$F68:$AG68,Grid!$D68)) | S96: =IF(Grid!$B68="","",IFERROR(TRIM(INDEX('BHP Site Access'!$G$3:$G$104,MATCH(LOWER(TRIM(INDEX('INPUT - Roster'!$D$1:$D$206,Grid!$B68)&"")&"|"&TRIM(INDEX('INPUT - Roster'!$E$1:$E$206,Grid!$B68)&"")),Calc!$AX$3:$AX$104,0))&""),"Not listed")) | T96: =IF(OR(Grid!$B68="",ISNUMBER(SEARCH("demob",E96))),"",IF(AND(UPPER(TRIM(J96&""))="YES",UPPER(TRIM(K96&""))="YES",UPPER(TRIM(L96&""))="YES",LEFT(UPPER(M96),14)="QUALS COMPLETE"),"","GAP")) | U96: =IF(Grid!$B68="",0,IF(AND(OR(Dashboard!$D$9="All",D96=Dashboard!$D$9),OR(Dashboard!$J$9="All",E96=Dashboard!$J$9)),1,0))
B97: =IF(Grid!$B69="","",67) | C97: =IF(Grid!$B69="","",TRIM(INDEX('INPUT - Roster'!$F$1:$F$206,Grid!$B69)&"")) | D97: =IF(Grid!$B69="","",TRIM(INDEX('INPUT - Roster'!$C$1:$C$206,Grid!$B69)&"")) | E97: =IF(Grid!$B69="","",INDEX(Index!$C$2:$C$202,MATCH(Grid!$B69,Index!$A$2:$A$202,0))) | F97: =IF(Grid!$B69="","",TRIM(INDEX('INPUT - Roster'!$H$1:$H$206,Grid!$B69)&"")) | G97: =IF(Grid!$B69="","",TRIM(INDEX('INPUT - Roster'!$G$1:$G$206,Grid!$B69)&"")) | H97: =IF(Grid!$B69="","",TRIM(INDEX('INPUT - Roster'!$R$1:$R$206,Grid!$B69)&"")) | I97: =IF(Grid!$B69="","",TRIM(INDEX('INPUT - Roster'!$O$1:$O$206,Grid!$B69)&"")) | J97: =IF(Grid!$B69="","",TRIM(INDEX('INPUT - Roster'!$J$1:$J$206,Grid!$B69)&"")) | K97: =IF(Grid!$B69="","",TRIM(INDEX('INPUT - Roster'!$K$1:$K$206,Grid!$B69)&"")) | L97: =IF(Grid!$B69="","",TRIM(INDEX('INPUT - Roster'!$L$1:$L$206,Grid!$B69)&"")) | M97: =IF(Grid!$B69="","",TRIM(INDEX('INPUT - Roster'!$M$1:$M$206,Grid!$B69)&"")) | N97: =Grid!F69 | O97: =Grid!AI69 | P97: =Grid!BL69 | Q97: =IF(Grid!$D69="","",INDEX(Grid!$F$2:$AG$2,Grid!$D69)) | R97: =IF(Grid!$D69="","",INDEX(Grid!$F69:$AG69,Grid!$D69)) | S97: =IF(Grid!$B69="","",IFERROR(TRIM(INDEX('BHP Site Access'!$G$3:$G$104,MATCH(LOWER(TRIM(INDEX('INPUT - Roster'!$D$1:$D$206,Grid!$B69)&"")&"|"&TRIM(INDEX('INPUT - Roster'!$E$1:$E$206,Grid!$B69)&"")),Calc!$AX$3:$AX$104,0))&""),"Not listed")) | T97: =IF(OR(Grid!$B69="",ISNUMBER(SEARCH("demob",E97))),"",IF(AND(UPPER(TRIM(J97&""))="YES",UPPER(TRIM(K97&""))="YES",UPPER(TRIM(L97&""))="YES",LEFT(UPPER(M97),14)="QUALS COMPLETE"),"","GAP")) | U97: =IF(Grid!$B69="",0,IF(AND(OR(Dashboard!$D$9="All",D97=Dashboard!$D$9),OR(Dashboard!$J$9="All",E97=Dashboard!$J$9)),1,0))
B98: =IF(Grid!$B70="","",68) | C98: =IF(Grid!$B70="","",TRIM(INDEX('INPUT - Roster'!$F$1:$F$206,Grid!$B70)&"")) | D98: =IF(Grid!$B70="","",TRIM(INDEX('INPUT - Roster'!$C$1:$C$206,Grid!$B70)&"")) | E98: =IF(Grid!$B70="","",INDEX(Index!$C$2:$C$202,MATCH(Grid!$B70,Index!$A$2:$A$202,0))) | F98: =IF(Grid!$B70="","",TRIM(INDEX('INPUT - Roster'!$H$1:$H$206,Grid!$B70)&"")) | G98: =IF(Grid!$B70="","",TRIM(INDEX('INPUT - Roster'!$G$1:$G$206,Grid!$B70)&"")) | H98: =IF(Grid!$B70="","",TRIM(INDEX('INPUT - Roster'!$R$1:$R$206,Grid!$B70)&"")) | I98: =IF(Grid!$B70="","",TRIM(INDEX('INPUT - Roster'!$O$1:$O$206,Grid!$B70)&"")) | J98: =IF(Grid!$B70="","",TRIM(INDEX('INPUT - Roster'!$J$1:$J$206,Grid!$B70)&"")) | K98: =IF(Grid!$B70="","",TRIM(INDEX('INPUT - Roster'!$K$1:$K$206,Grid!$B70)&"")) | L98: =IF(Grid!$B70="","",TRIM(INDEX('INPUT - Roster'!$L$1:$L$206,Grid!$B70)&"")) | M98: =IF(Grid!$B70="","",TRIM(INDEX('INPUT - Roster'!$M$1:$M$206,Grid!$B70)&"")) | N98: =Grid!F70 | O98: =Grid!AI70 | P98: =Grid!BL70 | Q98: =IF(Grid!$D70="","",INDEX(Grid!$F$2:$AG$2,Grid!$D70)) | R98: =IF(Grid!$D70="","",INDEX(Grid!$F70:$AG70,Grid!$D70)) | S98: =IF(Grid!$B70="","",IFERROR(TRIM(INDEX('BHP Site Access'!$G$3:$G$104,MATCH(LOWER(TRIM(INDEX('INPUT - Roster'!$D$1:$D$206,Grid!$B70)&"")&"|"&TRIM(INDEX('INPUT - Roster'!$E$1:$E$206,Grid!$B70)&"")),Calc!$AX$3:$AX$104,0))&""),"Not listed")) | T98: =IF(OR(Grid!$B70="",ISNUMBER(SEARCH("demob",E98))),"",IF(AND(UPPER(TRIM(J98&""))="YES",UPPER(TRIM(K98&""))="YES",UPPER(TRIM(L98&""))="YES",LEFT(UPPER(M98),14)="QUALS COMPLETE"),"","GAP")) | U98: =IF(Grid!$B70="",0,IF(AND(OR(Dashboard!$D$9="All",D98=Dashboard!$D$9),OR(Dashboard!$J$9="All",E98=Dashboard!$J$9)),1,0))
B99: =IF(Grid!$B71="","",69) | C99: =IF(Grid!$B71="","",TRIM(INDEX('INPUT - Roster'!$F$1:$F$206,Grid!$B71)&"")) | D99: =IF(Grid!$B71="","",TRIM(INDEX('INPUT - Roster'!$C$1:$C$206,Grid!$B71)&"")) | E99: =IF(Grid!$B71="","",INDEX(Index!$C$2:$C$202,MATCH(Grid!$B71,Index!$A$2:$A$202,0))) | F99: =IF(Grid!$B71="","",TRIM(INDEX('INPUT - Roster'!$H$1:$H$206,Grid!$B71)&"")) | G99: =IF(Grid!$B71="","",TRIM(INDEX('INPUT - Roster'!$G$1:$G$206,Grid!$B71)&"")) | H99: =IF(Grid!$B71="","",TRIM(INDEX('INPUT - Roster'!$R$1:$R$206,Grid!$B71)&"")) | I99: =IF(Grid!$B71="","",TRIM(INDEX('INPUT - Roster'!$O$1:$O$206,Grid!$B71)&"")) | J99: =IF(Grid!$B71="","",TRIM(INDEX('INPUT - Roster'!$J$1:$J$206,Grid!$B71)&"")) | K99: =IF(Grid!$B71="","",TRIM(INDEX('INPUT - Roster'!$K$1:$K$206,Grid!$B71)&"")) | L99: =IF(Grid!$B71="","",TRIM(INDEX('INPUT - Roster'!$L$1:$L$206,Grid!$B71)&"")) | M99: =IF(Grid!$B71="","",TRIM(INDEX('INPUT - Roster'!$M$1:$M$206,Grid!$B71)&"")) | N99: =Grid!F71 | O99: =Grid!AI71 | P99: =Grid!BL71 | Q99: =IF(Grid!$D71="","",INDEX(Grid!$F$2:$AG$2,Grid!$D71)) | R99: =IF(Grid!$D71="","",INDEX(Grid!$F71:$AG71,Grid!$D71)) | S99: =IF(Grid!$B71="","",IFERROR(TRIM(INDEX('BHP Site Access'!$G$3:$G$104,MATCH(LOWER(TRIM(INDEX('INPUT - Roster'!$D$1:$D$206,Grid!$B71)&"")&"|"&TRIM(INDEX('INPUT - Roster'!$E$1:$E$206,Grid!$B71)&"")),Calc!$AX$3:$AX$104,0))&""),"Not listed")) | T99: =IF(OR(Grid!$B71="",ISNUMBER(SEARCH("demob",E99))),"",IF(AND(UPPER(TRIM(J99&""))="YES",UPPER(TRIM(K99&""))="YES",UPPER(TRIM(L99&""))="YES",LEFT(UPPER(M99),14)="QUALS COMPLETE"),"","GAP")) | U99: =IF(Grid!$B71="",0,IF(AND(OR(Dashboard!$D$9="All",D99=Dashboard!$D$9),OR(Dashboard!$J$9="All",E99=Dashboard!$J$9)),1,0))
B100: =IF(Grid!$B72="","",70) | C100: =IF(Grid!$B72="","",TRIM(INDEX('INPUT - Roster'!$F$1:$F$206,Grid!$B72)&"")) | D100: =IF(Grid!$B72="","",TRIM(INDEX('INPUT - Roster'!$C$1:$C$206,Grid!$B72)&"")) | E100: =IF(Grid!$B72="","",INDEX(Index!$C$2:$C$202,MATCH(Grid!$B72,Index!$A$2:$A$202,0))) | F100: =IF(Grid!$B72="","",TRIM(INDEX('INPUT - Roster'!$H$1:$H$206,Grid!$B72)&"")) | G100: =IF(Grid!$B72="","",TRIM(INDEX('INPUT - Roster'!$G$1:$G$206,Grid!$B72)&"")) | H100: =IF(Grid!$B72="","",TRIM(INDEX('INPUT - Roster'!$R$1:$R$206,Grid!$B72)&"")) | I100: =IF(Grid!$B72="","",TRIM(INDEX('INPUT - Roster'!$O$1:$O$206,Grid!$B72)&"")) | J100: =IF(Grid!$B72="","",TRIM(INDEX('INPUT - Roster'!$J$1:$J$206,Grid!$B72)&"")) | K100: =IF(Grid!$B72="","",TRIM(INDEX('INPUT - Roster'!$K$1:$K$206,Grid!$B72)&"")) | L100: =IF(Grid!$B72="","",TRIM(INDEX('INPUT - Roster'!$L$1:$L$206,Grid!$B72)&"")) | M100: =IF(Grid!$B72="","",TRIM(INDEX('INPUT - Roster'!$M$1:$M$206,Grid!$B72)&"")) | N100: =Grid!F72 | O100: =Grid!AI72 | P100: =Grid!BL72 | Q100: =IF(Grid!$D72="","",INDEX(Grid!$F$2:$AG$2,Grid!$D72)) | R100: =IF(Grid!$D72="","",INDEX(Grid!$F72:$AG72,Grid!$D72)) | S100: =IF(Grid!$B72="","",IFERROR(TRIM(INDEX('BHP Site Access'!$G$3:$G$104,MATCH(LOWER(TRIM(INDEX('INPUT - Roster'!$D$1:$D$206,Grid!$B72)&"")&"|"&TRIM(INDEX('INPUT - Roster'!$E$1:$E$206,Grid!$B72)&"")),Calc!$AX$3:$AX$104,0))&""),"Not listed")) | T100: =IF(OR(Grid!$B72="",ISNUMBER(SEARCH("demob",E100))),"",IF(AND(UPPER(TRIM(J100&""))="YES",UPPER(TRIM(K100&""))="YES",UPPER(TRIM(L100&""))="YES",LEFT(UPPER(M100),14)="QUALS COMPLETE"),"","GAP")) | U100: =IF(Grid!$B72="",0,IF(AND(OR(Dashboard!$D$9="All",D100=Dashboard!$D$9),OR(Dashboard!$J$9="All",E100=Dashboard!$J$9)),1,0))
B101: =IF(Grid!$B73="","",71) | C101: =IF(Grid!$B73="","",TRIM(INDEX('INPUT - Roster'!$F$1:$F$206,Grid!$B73)&"")) | D101: =IF(Grid!$B73="","",TRIM(INDEX('INPUT - Roster'!$C$1:$C$206,Grid!$B73)&"")) | E101: =IF(Grid!$B73="","",INDEX(Index!$C$2:$C$202,MATCH(Grid!$B73,Index!$A$2:$A$202,0))) | F101: =IF(Grid!$B73="","",TRIM(INDEX('INPUT - Roster'!$H$1:$H$206,Grid!$B73)&"")) | G101: =IF(Grid!$B73="","",TRIM(INDEX('INPUT - Roster'!$G$1:$G$206,Grid!$B73)&"")) | H101: =IF(Grid!$B73="","",TRIM(INDEX('INPUT - Roster'!$R$1:$R$206,Grid!$B73)&"")) | I101: =IF(Grid!$B73="","",TRIM(INDEX('INPUT - Roster'!$O$1:$O$206,Grid!$B73)&"")) | J101: =IF(Grid!$B73="","",TRIM(INDEX('INPUT - Roster'!$J$1:$J$206,Grid!$B73)&"")) | K101: =IF(Grid!$B73="","",TRIM(INDEX('INPUT - Roster'!$K$1:$K$206,Grid!$B73)&"")) | L101: =IF(Grid!$B73="","",TRIM(INDEX('INPUT - Roster'!$L$1:$L$206,Grid!$B73)&"")) | M101: =IF(Grid!$B73="","",TRIM(INDEX('INPUT - Roster'!$M$1:$M$206,Grid!$B73)&"")) | N101: =Grid!F73 | O101: =Grid!AI73 | P101: =Grid!BL73 | Q101: =IF(Grid!$D73="","",INDEX(Grid!$F$2:$AG$2,Grid!$D73)) | R101: =IF(Grid!$D73="","",INDEX(Grid!$F73:$AG73,Grid!$D73)) | S101: =IF(Grid!$B73="","",IFERROR(TRIM(INDEX('BHP Site Access'!$G$3:$G$104,MATCH(LOWER(TRIM(INDEX('INPUT - Roster'!$D$1:$D$206,Grid!$B73)&"")&"|"&TRIM(INDEX('INPUT - Roster'!$E$1:$E$206,Grid!$B73)&"")),Calc!$AX$3:$AX$104,0))&""),"Not listed")) | T101: =IF(OR(Grid!$B73="",ISNUMBER(SEARCH("demob",E101))),"",IF(AND(UPPER(TRIM(J101&""))="YES",UPPER(TRIM(K101&""))="YES",UPPER(TRIM(L101&""))="YES",LEFT(UPPER(M101),14)="QUALS COMPLETE"),"","GAP")) | U101: =IF(Grid!$B73="",0,IF(AND(OR(Dashboard!$D$9="All",D101=Dashboard!$D$9),OR(Dashboard!$J$9="All",E101=Dashboard!$J$9)),1,0))
B102: =IF(Grid!$B74="","",72) | C102: =IF(Grid!$B74="","",TRIM(INDEX('INPUT - Roster'!$F$1:$F$206,Grid!$B74)&"")) | D102: =IF(Grid!$B74="","",TRIM(INDEX('INPUT - Roster'!$C$1:$C$206,Grid!$B74)&"")) | E102: =IF(Grid!$B74="","",INDEX(Index!$C$2:$C$202,MATCH(Grid!$B74,Index!$A$2:$A$202,0))) | F102: =IF(Grid!$B74="","",TRIM(INDEX('INPUT - Roster'!$H$1:$H$206,Grid!$B74)&"")) | G102: =IF(Grid!$B74="","",TRIM(INDEX('INPUT - Roster'!$G$1:$G$206,Grid!$B74)&"")) | H102: =IF(Grid!$B74="","",TRIM(INDEX('INPUT - Roster'!$R$1:$R$206,Grid!$B74)&"")) | I102: =IF(Grid!$B74="","",TRIM(INDEX('INPUT - Roster'!$O$1:$O$206,Grid!$B74)&"")) | J102: =IF(Grid!$B74="","",TRIM(INDEX('INPUT - Roster'!$J$1:$J$206,Grid!$B74)&"")) | K102: =IF(Grid!$B74="","",TRIM(INDEX('INPUT - Roster'!$K$1:$K$206,Grid!$B74)&"")) | L102: =IF(Grid!$B74="","",TRIM(INDEX('INPUT - Roster'!$L$1:$L$206,Grid!$B74)&"")) | M102: =IF(Grid!$B74="","",TRIM(INDEX('INPUT - Roster'!$M$1:$M$206,Grid!$B74)&"")) | N102: =Grid!F74 | O102: =Grid!AI74 | P102: =Grid!BL74 | Q102: =IF(Grid!$D74="","",INDEX(Grid!$F$2:$AG$2,Grid!$D74)) | R102: =IF(Grid!$D74="","",INDEX(Grid!$F74:$AG74,Grid!$D74)) | S102: =IF(Grid!$B74="","",IFERROR(TRIM(INDEX('BHP Site Access'!$G$3:$G$104,MATCH(LOWER(TRIM(INDEX('INPUT - Roster'!$D$1:$D$206,Grid!$B74)&"")&"|"&TRIM(INDEX('INPUT - Roster'!$E$1:$E$206,Grid!$B74)&"")),Calc!$AX$3:$AX$104,0))&""),"Not listed")) | T102: =IF(OR(Grid!$B74="",ISNUMBER(SEARCH("demob",E102))),"",IF(AND(UPPER(TRIM(J102&""))="YES",UPPER(TRIM(K102&""))="YES",UPPER(TRIM(L102&""))="YES",LEFT(UPPER(M102),14)="QUALS COMPLETE"),"","GAP")) | U102: =IF(Grid!$B74="",0,IF(AND(OR(Dashboard!$D$9="All",D102=Dashboard!$D$9),OR(Dashboard!$J$9="All",E102=Dashboard!$J$9)),1,0))
B103: =IF(Grid!$B75="","",73) | C103: =IF(Grid!$B75="","",TRIM(INDEX('INPUT - Roster'!$F$1:$F$206,Grid!$B75)&"")) | D103: =IF(Grid!$B75="","",TRIM(INDEX('INPUT - Roster'!$C$1:$C$206,Grid!$B75)&"")) | E103: =IF(Grid!$B75="","",INDEX(Index!$C$2:$C$202,MATCH(Grid!$B75,Index!$A$2:$A$202,0))) | F103: =IF(Grid!$B75="","",TRIM(INDEX('INPUT - Roster'!$H$1:$H$206,Grid!$B75)&"")) | G103: =IF(Grid!$B75="","",TRIM(INDEX('INPUT - Roster'!$G$1:$G$206,Grid!$B75)&"")) | H103: =IF(Grid!$B75="","",TRIM(INDEX('INPUT - Roster'!$R$1:$R$206,Grid!$B75)&"")) | I103: =IF(Grid!$B75="","",TRIM(INDEX('INPUT - Roster'!$O$1:$O$206,Grid!$B75)&"")) | J103: =IF(Grid!$B75="","",TRIM(INDEX('INPUT - Roster'!$J$1:$J$206,Grid!$B75)&"")) | K103: =IF(Grid!$B75="","",TRIM(INDEX('INPUT - Roster'!$K$1:$K$206,Grid!$B75)&"")) | L103: =IF(Grid!$B75="","",TRIM(INDEX('INPUT - Roster'!$L$1:$L$206,Grid!$B75)&"")) | M103: =IF(Grid!$B75="","",TRIM(INDEX('INPUT - Roster'!$M$1:$M$206,Grid!$B75)&"")) | N103: =Grid!F75 | O103: =Grid!AI75 | P103: =Grid!BL75 | Q103: =IF(Grid!$D75="","",INDEX(Grid!$F$2:$AG$2,Grid!$D75)) | R103: =IF(Grid!$D75="","",INDEX(Grid!$F75:$AG75,Grid!$D75)) | S103: =IF(Grid!$B75="","",IFERROR(TRIM(INDEX('BHP Site Access'!$G$3:$G$104,MATCH(LOWER(TRIM(INDEX('INPUT - Roster'!$D$1:$D$206,Grid!$B75)&"")&"|"&TRIM(INDEX('INPUT - Roster'!$E$1:$E$206,Grid!$B75)&"")),Calc!$AX$3:$AX$104,0))&""),"Not listed")) | T103: =IF(OR(Grid!$B75="",ISNUMBER(SEARCH("demob",E103))),"",IF(AND(UPPER(TRIM(J103&""))="YES",UPPER(TRIM(K103&""))="YES",UPPER(TRIM(L103&""))="YES",LEFT(UPPER(M103),14)="QUALS COMPLETE"),"","GAP")) | U103: =IF(Grid!$B75="",0,IF(AND(OR(Dashboard!$D$9="All",D103=Dashboard!$D$9),OR(Dashboard!$J$9="All",E103=Dashboard!$J$9)),1,0))
...

Sheet Camp Summary
B1: Camp & Travel Summary - 21 Aug 2026 to 31 Dec 2027
B2: Counts every person on the INPUT roster for each day. Beds = camp code in the cell (arrival days included). Today is highlighted red.
C3: =UPPER(TEXT(C4,"ddd")) | D3: =UPPER(TEXT(D4,"ddd")) | E3: =UPPER(TEXT(E4,"ddd")) | F3: =UPPER(TEXT(F4,"ddd")) | G3: =UPPER(TEXT(G4,"ddd")) | H3: =UPPER(TEXT(H4,"ddd")) | I3: =UPPER(TEXT(I4,"ddd")) | J3: =UPPER(TEXT(J4,"ddd")) | ... SF3: =UPPER(TEXT(SF4,"ddd"))
B4: Camp / movement | C4: ='INPUT - Roster'!S4 | D4: ='INPUT - Roster'!T4 | E4: ='INPUT - Roster'!U4 | F4: ='INPUT - Roster'!V4 | G4: ='INPUT - Roster'!W4 | H4: ='INPUT - Roster'!X4 | I4: ='INPUT - Roster'!Y4 | J4: ='INPUT - Roster'!Z4 | ... SF4: ='INPUT - Roster'!SV4
B5: BEDS BY CAMP
